verb,x,y
counter,-49.71468429,4.590181075
slash,-46.88788037,-4.348522993
rein,-53.7518658,8.670292479
redress,-37.85312489,11.83643358
pare,-45.48341869,-8.261241196
shave,-47.34911309,-9.723152845
solve,-35.4071658,17.14176297
mediate,-37.31085024,18.66024135
confront,-35.15614974,17.29664303
reconcile,-32.94517597,21.09175185
outstrip,-56.65600597,-19.10649875
outpace,-56.67498617,-19.14929089
outperform,-58.53654699,-23.12169756
underperform,-58.55946517,-23.1669612
reinvent,-11.40935276,7.954581056
invent,-10.37159961,8.442308938
reposition,-12.86988289,7.358458829
retool,-14.98191999,6.92326932
spearhead,-16.15352702,-3.624112357
rename,-6.697012046,8.698530486
inaugurate,2.18961229,0.482868089
buoy,-0.043008577,15.7137948
orchestrate,-9.458052498,10.35118368
unveil,2.344582703,0.838230781
introduce,2.025942262,1.582849322
reintroduce,1.948464769,1.719192919
evacuate,5.207319031,-3.149280597
dispatch,5.027687365,-3.399204717
marshal,4.547619684,-4.067358195
televise,7.678971337,-1.082655655
replenish,0.833017776,14.92356883
deploy,2.564636408,-7.128970566
conserve,1.601416488,14.25332026
launch,1.944479454,-8.067265458
mount,1.767387212,-8.343255121
standardize,-26.20720989,-3.754592736
announce,4.846046062,-1.343593691
automate,-26.29603069,-4.444825616
reuse,4.308776097,12.15354104
recycle,4.69563273,12.21983029
ration,-2.101418259,15.0039643
clothe,-3.515480292,15.77558549
feed,-3.303048704,15.48688833
forage,-3.306578975,15.03191965
flap,-33.5062947,-63.04339458
coil,-32.25212683,-62.86495671
bulge,-31.60225248,-61.50413528
claw,-28.97007314,-63.09714872
strap,-25.16562203,-68.45587565
saddle,-24.72649488,-66.60203933
tail,-27.11989149,-63.24650101
cock,-26.83848511,-63.46941441
belt,-23.8879179,-68.44930859
harness,-22.37724443,-68.94085955
gear,-21.69948287,-69.13267105
bottle,-26.30465487,-75.84941098
bag,-25.93894719,-75.73310617
pair,-25.26474694,-75.41265049
swivel,-26.55793934,-60.11076794
bow,-36.95071457,-75.34015867
tire,-19.92312909,-69.44925635
cart,-23.63565304,-77.11608742
bicycle,-23.44091077,-77.19441301
hoist,-42.65185374,-59.60874615
wheel,-18.99088453,-69.66051277
head,-37.73202568,-77.37911728
tether,-42.64077509,-59.10483891
hand,-37.12963877,-78.90914471
pocket,-36.60999249,-79.32798462
pen,-35.31014206,-79.93603249
paddle,-22.4022962,-57.00888872
dart,-23.59516176,-56.72314641
arm,-39.5019379,-78.6776605
attach,-43.34612599,-57.27886363
shoulder,-40.62493297,-78.94753229
dive,-21.76673518,-54.87702528
insert,-43.63425223,-56.83191526
brace,-41.16750304,-79.56602386
hitch,-21.02437728,-55.67235212
hop,-20.91611376,-55.52595119
ride,-19.91612382,-55.69298096
wire,-26.68445422,-57.03079384
cement,-28.7198909,-56.46786894
iron,-28.52460757,-56.45485759
blanket,-23.24256513,-75.8136221
hamstring,-44.01533656,-78.81705786
flesh,-45.56248864,-60.34507079
bark,-45.51690211,-60.26034317
pipe,-28.92096758,-57.89615013
lap,-19.91304556,-76.8577278
stalk,-44.67611269,-58.25172137
seat,-19.29182364,-75.17019746
shell,-28.37497421,-55.92641961
chair,-19.25688105,-76.30733419
blister,-47.08324531,-77.13392159
vent,-45.79204977,-54.10313799
mirror,-17.17590482,-76.34754152
bed,-19.239402,-76.71165946
scar,-48.6038721,-75.82421608
bubble,-27.97197988,-54.32706796
rust,-50.1371134,-74.18301399
shower,-19.85844068,-74.46128331
nest,-18.98413805,-78.29725576
rot,-51.40469463,-73.31511091
decay,-51.85009332,-73.02563905
stripe,-24.90300994,-67.50757201
shroud,-30.47151725,-68.55686865
veil,-30.46699736,-68.55398099
arch,-27.95781022,-63.03140712
stone,-30.72071464,-62.58610117
plaster,-32.38269127,-62.39269764
coat,-35.42555069,-63.20304766
drape,-33.18374644,-65.97440979
mesh,-33.61606933,-63.6256544
bead,-36.7979311,-60.87522454
strand,-17.53313611,-59.93265072
rivet,-33.4705965,-62.98773916
wax,-37.64682489,-61.6159731
knot,-16.8496639,-59.39559086
thread,-16.49513386,-59.14391639
tack,-22.90492423,-72.6066003
polish,-37.17945104,-58.55273936
string,-16.23375322,-58.92383679
skirt,-23.96969097,-73.31191514
glue,-38.29005717,-62.8058822
lace,-24.85129706,-73.67822814
rope,-17.42737575,-59.9324906
paint,-38.48992445,-60.19908438
clasp,-27.37972212,-74.16829931
loop,-17.4043407,-59.94924646
braid,-25.63455312,-74.28639541
clutch,-15.82567169,-56.68600347
camouflage,-23.71896315,-74.04985328
weave,-16.27390753,-59.11633335
mask,-23.52055099,-74.08207472
bind,-39.57407792,-64.80941618
vest,-23.3726943,-74.10481224
chalk,-40.14633512,-58.40732222
clip,-13.83702849,-59.48289685
knit,-25.20459499,-75.62158945
flatter,-17.52799828,-60.5236085
cap,-21.993714,-74.4454364
snap,-14.42337409,-53.16015897
mold,-40.88407585,-66.69219866
reel,-21.7632978,-52.99912646
burst,-14.1347969,-52.69534326
hook,-21.9625212,-53.17749778
mop,-42.13280761,-56.12198353
dress,-22.38513595,-77.33713113
layer,-41.28627841,-67.23508131
surface,-41.64711157,-67.74807789
wear,-22.46328587,-78.01174976
don,-22.55934616,-78.876349
cramp,-27.70427608,-44.16446365
outfit,-17.24637572,-78.25290773
scrape,-44.72399483,-54.69454782
rake,-44.75130059,-54.71698741
costume,-16.52257016,-78.21095207
sway,-24.32475325,-42.48534644
fancy,-15.14641431,-78.20885115
elaborate,-14.00742897,-78.12818044
dribble,-19.95919254,-47.39327838
coast,3.576420308,-84.60131556
harbor,4.862578105,-84.59655799
border,0.866966721,-75.20162255
compound,1.614416374,-75.9927611
cave,1.7540597,-84.91611253
desert,2.480521792,-85.31249795
zone,-0.266947846,-73.24273972
near,0.709600196,-75.35755995
dock,7.550630717,-84.2929393
dawn,2.737622523,-85.93856351
barge,7.917253467,-84.34757749
corner,-0.344616633,-74.61579886
wreck,8.087981455,-83.92490157
smack,-1.455763444,-77.12561197
circle,0.022839271,-73.93192579
front,-2.175489114,-74.41247927
row,-2.724668551,-74.59085902
tower,10.6919471,-72.56776938
park,-0.319798221,-73.39244028
transport,8.665517741,-86.66757964
station,11.82908802,-73.12665864
entrance,8.496599934,-67.59423218
exit,8.504983335,-67.57518272
orbit,14.43666024,-74.21942996
swarm,1.150120603,-88.97276268
probe,14.768038,-74.45220672
shelter,-1.066009388,-73.11403542
pool,-6.257207685,-70.93875871
space,9.131405003,-70.12614466
hatch,-7.469009152,-73.29988741
floor,-6.705181324,-71.50731127
ground,-6.892764588,-71.81909506
resort,-2.361437073,-76.12141784
rail,11.41629905,-79.54479701
room,-6.609406981,-69.8574765
retreat,-2.332325986,-76.16656715
craft,14.83718369,-72.05506288
lobby,-10.32495251,-73.67446766
house,-6.4414818,-66.50643884
drill,-9.443027417,-70.33218956
train,13.77409942,-80.27933661
cascade,0.47498773,-90.86570264
farm,-4.065207583,-69.19074483
commute,19.99354166,-86.1787956
shop,-6.586315454,-64.84785312
store,-6.630735475,-64.75843071
tangle,0.272798588,-91.90363541
mine,-4.598637213,-67.14327526
toy,-7.900607593,-63.73885467
vacation,21.72390167,-86.97191276
slope,4.634292725,-87.16505242
trip,22.33108362,-87.27660764
tour,23.26516938,-86.44744277
journey,22.14659125,-88.4291887
visit,22.87454202,-88.03716651
steep,8.543942645,-87.49520407
treasure,-18.83563053,-79.15343705
molest,-23.50444021,70.61597921
handcuff,-23.87651523,68.41987571
invade,-21.13701236,58.82056315
infiltrate,-22.36815515,57.32976721
ransack,-26.3854994,72.47754831
loot,-24.90609383,71.52981077
plunder,-24.17571029,71.29802382
terrorize,-22.95361626,71.08497018
hijack,-22.71111223,56.79441487
interrogate,-24.49923992,68.67843349
apprehend,-25.30191179,69.90841838
prosecute,-26.80852899,69.29899906
retake,-17.03514897,54.01722564
punish,-28.77064194,68.2328505
seize,-16.85606516,54.00323407
perpetrate,-16.18366355,77.92272895
reroute,-24.46439166,51.98674092
conspire,-16.10123542,78.52001651
investigate,-27.13431814,70.45093376
oppress,-12.63655681,75.70651942
repress,-12.51799378,75.70590824
mistreat,-17.05307378,77.37647275
ostracize,-17.11317962,77.33902386
monopolize,-16.1428017,53.66769749
harass,-21.56667359,73.37153817
capitalize,-18.75910496,40.04495817
refer,29.12815444,53.93081965
include,29.63121791,46.87510766
consist,24.96688114,49.50607721
characterize,30.5783149,53.75918348
describe,30.63299862,53.70694159
represent,30.34959344,42.43272814
vary,23.27249977,50.27850203
comprise,31.20173669,45.80085269
fluctuate,23.04540212,50.40392451
cite,29.18792487,39.15121134
outnumber,30.95768865,40.71187783
have,30.4944582,39.18326594
portray,33.21421986,54.65227523
inherit,30.29386971,38.74326517
accumulate,31.55365058,38.40172371
differ,17.79594011,51.60178156
depend,16.35707108,52.33861503
disagree,18.07658607,51.43356276
rely,15.8067159,52.57711863
depict,34.23033199,54.88009023
perceive,22.71780838,61.55998966
derive,9.212393412,40.22495351
regard,22.7968107,62.02888477
dictate,21.04676646,36.78643373
advocate,21.0524831,62.43729761
attest,10.15233966,39.23644964
confer,8.735246653,40.04589467
demonstrate,22.08609694,37.12804399
manifest,23.36663562,62.61066249
govern,7.946012725,40.44600417
bestow,9.36119687,36.55292277
deem,24.65751102,63.12853308
recognize,20.49074229,36.74951499
subscribe,5.543558501,55.01489772
vie,5.373217511,40.60083443
understand,19.87796893,36.8745537
appreciate,18.60841168,37.07673191
admire,17.77662024,37.00495295
learn,19.68103341,27.16137012
teach,19.68434986,27.14374451
outweigh,16.87576497,67.81837463
attribute,16.1088507,69.41880061
ascribe,16.0395883,69.52571165
scrutinize,35.84679746,25.37260083
examine,36.06155247,26.03384135
declassify,40.16664354,25.28032693
evaluate,36.1646971,27.09937007
compile,38.92971122,26.35833365
assess,36.07363282,27.26809237
analyze,37.67430879,27.73758687
determine,34.75190117,25.52660939
tabulate,41.45881384,24.52048953
ascertain,34.7758841,25.91554157
scan,38.97799265,18.10786572
gauge,36.07241292,28.43751557
appraise,36.40988065,27.97348976
digest,38.13256992,29.03294992
quantify,35.67267641,28.40479581
decode,42.60706668,22.64005612
calculate,36.05961494,29.15003209
compute,36.25298366,29.82431303
encode,42.87770222,23.22306085
confirm,37.91189464,15.28305499
discuss,40.12204127,20.49051276
verify,37.12101541,15.16008708
specify,40.39221155,26.80383685
download,47.5183592,18.19468157
digitize,42.69147485,24.50817281
browse,47.69431453,18.04285888
certify,36.38200046,14.9714545
comment,39.95844462,18.98104934
configure,42.85758754,24.65355582
disclose,41.28755939,26.41409119
divulge,41.48274108,26.42285883
dissect,37.87223062,30.86453136
edit,39.12538883,30.04827108
synchronize,44.00890713,23.58790397
reveal,42.22780649,26.64629003
inquire,39.86821033,19.14445594
deconstruct,37.88430877,31.43169588
exclude,39.17170853,6.18374
pinpoint,25.9621077,16.58800351
deny,39.15559473,5.934907401
detect,25.57775119,16.16507195
memorize,59.13927786,23.91574032
juggle,59.2476557,24.32164476
claim,39.07190078,4.322263432
diagnose,24.76194527,15.20941416
intercept,25.55325587,17.0388312
encompass,58.19418342,28.9983944
populate,58.11641435,29.33065577
trust,38.88096042,2.899786604
retrieve,24.22065495,15.20812303
locate,23.90503081,14.97015787
improvise,62.48183687,21.10588939
identify,23.16785219,14.35578242
notify,35.99812197,15.72642104
inspect,25.49409176,15.35299714
treat,22.63763892,12.94200362
repair,25.60201709,15.2990856
rehearse,63.58527436,20.44029113
remedy,22.06652251,11.48364672
consult,37.48165072,18.25849181
choreograph,64.05607341,20.25587342
inform,35.77475367,16.35199369
advise,36.83871383,17.6733915
instruct,36.23434989,16.94569574
compose,64.7885788,20.18275711
educate,34.54169834,15.69497489
cram,62.71033189,20.90227199
retell,66.08744958,20.0127692
prescribe,20.76810095,9.671259058
dispense,20.68316095,9.56334656
write,65.69297061,20.96188897
read,65.74330107,21.1287555
misspell,66.1997096,22.75431199
rearrange,48.04903804,26.32454808
customize,48.39035052,26.16729636
tailor,49.10387634,25.85018905
quote,67.37411064,19.66386997
paraphrase,67.64723766,19.44583839
ingest,65.09938083,7.851339091
inhale,65.10018411,7.850304873
curry,-69.84462348,-58.10208898
salt,-68.03053728,-59.64960997
pepper,-68.26942844,-59.86038534
mint,-70.92173744,-61.35891248
tender,-71.07778469,-62.73504774
duck,-67.86854386,-64.02075942
toast,-69.78197391,-65.05734021
whisk,-71.05254126,-52.51914193
rack,-68.62097444,-64.26232174
flounder,-73.62775544,-54.91863608
grate,-66.90149006,-64.20353546
sandwich,-66.95090948,-66.57990489
stir,-71.59061762,-49.88391389
refrigerate,-75.09046216,-52.47432287
pan,-73.96733872,-52.47964932
glaze,-73.41468728,-52.536565
milk,-65.23642472,-64.41906981
paste,-73.09510889,-52.14784426
simmer,-74.01499801,-49.52752419
fish,-64.27502589,-65.46505484
whale,-63.62295301,-66.09380031
feast,-61.26117006,-74.10358414
brood,-61.22423727,-74.1095645
cough,-42.58872875,-69.91886445
smell,-41.13736781,-68.16697993
smoke,-41.30619792,-68.05763857
incense,-41.93713859,-66.87929803
vomit,-46.57727242,-72.48968119
dope,-46.85690533,-72.70215389
spray,-40.0193241,-65.44436031
urinate,-46.35912918,-72.35684846
sweat,-36.30928449,-66.64447604
dust,-35.84059439,-66.15418224
shear,-31.88740088,-70.27402246
wind,-31.17489817,-70.29322777
weather,-30.55107974,-71.89666413
rain,-30.38116647,-70.60460633
snow,-29.88280213,-69.93205974
bug,-51.78703246,-76.77105494
rat,-51.77815301,-76.98970837
ice,-29.40388201,-69.41450101
dog,-51.84538304,-78.15324119
trap,-53.19628867,-75.46596112
litter,-35.19321872,-62.80626003
water,-28.6758515,-68.67078497
vet,-52.00069694,-79.83751532
shepherd,-51.9500574,-80.12162614
trash,-35.11754475,-62.16428981
bait,-54.29542991,-75.0661567
dump,-35.73543387,-61.89068301
steam,-28.32044822,-66.96882203
waste,-34.65620543,-61.5447221
groom,-51.85321788,-81.35025359
prey,-54.59095734,-74.95595972
hawk,-55.57026426,-74.60593775
surf,-24.42667654,-75.82493475
flock,-58.2210486,-73.41521277
console,-39.18464057,-85.19700727
spike,-30.91759226,-36.21447454
collapse,-32.59994625,-33.35030058
boom,-29.94199783,-37.64928565
slump,-30.83528314,-38.38942762
dwindle,-38.80307386,-30.30871845
rebound,-30.3726336,-34.55100057
stagnate,-39.94185556,-29.04337218
cycle,-27.19117979,-38.37125414
sag,-33.36240365,-40.5246867
freak,-26.1944965,-32.68449856
harvest,-55.65173659,-45.69885685
crop,-55.64854931,-45.70026305
plague,-51.13672731,7.854142392
spawn,-47.16916137,12.36437588
breed,-47.16062191,12.40156374
trickle,-47.94112261,4.723898248
shed,-48.52609109,5.614579641
root,-48.03291277,4.146709207
zoom,-56.29485198,1.129451612
weed,-47.04332746,2.76995746
peer,-45.89857044,1.678168325
float,-64.59254725,10.63627741
hover,-64.60040455,10.64015518
wait,-20.43959538,3.276820968
opt,-19.87700705,1.640367403
watch,-16.45324867,2.684528051
find,-17.87239445,0.885097382
get,-18.38684754,1.519854844
keep,-18.89156551,3.114662964
stay,-16.27391982,10.56636544
remain,-15.53308558,10.9055362
live,-18.22255488,10.19234946
seek,-16.36758961,0.917285191
die,-19.53658759,11.02035939
fix,-14.08288527,3.610071319
serve,-14.56985544,11.28823
take,-17.36283652,1.170524405
add,-19.55326741,3.532395812
hold,-20.437985,-0.853953572
offer,-17.0312847,4.974827351
weigh,-16.74403949,-1.197258334
draw,-21.5582147,-0.388744867
fetch,-13.78849779,0.679292225
lend,-16.42831577,2.274812587
stare,-26.79076465,4.280914287
summon,-23.7023903,-0.910872745
bear,-11.32962451,-4.885746471
face,-11.09040132,-5.537647841
send,-17.64078183,-1.774469188
linger,-26.57811299,10.91750989
dine,-22.3432613,11.13926024
languish,-27.28469156,13.26500631
flirt,-21.60715013,11.61090625
loom,-28.47023197,11.12762785
brave,25.48257033,-24.67751689
bare,16.45831909,-30.88513869
sour,13.37252931,-29.34143212
fake,13.4101117,-30.53829861
deliberate,28.46699839,-22.45791716
fine,16.09456336,-24.62183369
stray,27.58942691,-18.09049813
rejoice,-3.823405293,21.46588669
grieve,-3.759612228,20.76052507
pray,-3.571112041,20.20839035
fantasize,-3.37843067,23.28169031
reminisce,-8.598310685,19.05402308
meditate,-8.59520716,19.16587744
salute,5.658114692,12.7826874
greet,5.921557879,13.64529235
converse,-9.997210113,18.37274441
socialize,-9.71214515,18.91349712
thank,7.067757356,15.68907107
congratulate,7.04512471,15.81876343
bless,6.984609446,16.18510247
relax,-10.44151059,19.10007305
sing,13.05248567,17.86456438
recite,13.1759077,17.99054508
regroup,-11.01741063,19.7090945
confide,12.54519453,23.22877534
speak,12.95973008,23.07476988
brag,13.23535574,24.60166716
boast,14.09264546,21.80417979
hear,14.63566597,21.52392485
listen,14.52419592,22.7907712
talk,14.53405143,23.20300925
recuperate,-11.71973531,20.45179906
quarrel,10.3669891,23.88700067
breathe,-11.90352572,7.110144326
sleep,-11.61762946,6.719014458
enjoy,-9.39375575,15.86972394
applaud,15.7031551,19.98661523
dwell,9.447609533,24.25941718
obsess,9.357413513,24.2944172
awake,-10.64613987,5.577882132
please,5.316391824,15.42044746
eat,-19.26644689,9.000887431
drink,-19.28525506,8.96915786
rave,-6.913681528,23.35919572
autograph,-6.911595228,23.35888883
masquerade,-18.34183649,27.03713116
degenerate,-19.15011985,27.18862461
beware,-19.42372393,27.24013039
storm,-22.29904535,-69.4930177
flow,-22.25951751,-68.47008743
hail,-19.85875275,-71.13568063
overflow,-22.90798121,-69.89613279
blaze,-17.84465487,-71.47981603
demand,-14.44076195,-58.61932068
supply,-15.15582459,-58.3108215
stockpile,-16.9485833,-56.28031586
traffic,-25.72953218,-66.99475316
sprawl,-26.85902249,-66.22760742
malfunction,-20.70858791,-63.39558921
import,-15.77434878,-54.41871294
rupture,-21.0823002,-62.24077199
fuel,-16.05966643,-60.90239743
oil,-15.94375404,-60.84947681
stream,-24.51382,-71.14445988
lapse,-15.4960805,-54.11493804
taint,-17.04092137,-54.33488821
plant,-9.558364244,-64.1147765
mill,-9.572271957,-64.10749584
defect,-19.99403998,-53.82727724
rumor,-1.329123378,-63.47331892
breach,-20.17071959,-52.93218761
void,-20.19229129,-52.85591963
donate,3.41941321,-21.23727947
endow,3.742913075,-20.99415152
contribute,2.165726348,-22.09211502
borrow,4.34940967,-27.79146109
invest,3.642914535,-27.74124056
repay,4.536246381,-16.6582355
deduct,6.06361245,-17.65996492
redeem,-0.341028306,-16.54092158
spend,-2.092777689,-18.19000938
reimburse,4.451068318,-20.04226652
pay,4.725851452,-20.63204816
cost,5.329232519,-21.53645679
incur,6.924344817,-19.17535568
devote,-3.073118622,-18.62199051
dedicate,-3.265859423,-18.90502323
reward,-0.544847442,-14.86139213
peddle,4.112480194,-29.39949367
buy,5.465388751,-29.97708105
owe,4.747784737,-20.00189671
allocate,1.065434601,-21.97839089
purchase,6.656264575,-30.9407601
acquire,4.53526557,-31.55740754
apportion,0.66320823,-22.11379341
merge,1.645876698,-31.99879568
dispose,7.154359766,-31.13844469
expend,-7.292424211,-18.48758501
underwrite,18.84652134,-17.90013173
finance,19.11893151,-17.76260613
sponsor,20.7788724,-18.49247312
doom,-14.22437485,-20.60396639
yield,10.48232397,-40.82565109
value,16.94424032,-43.08952743
interest,16.74409013,-41.06649863
concern,17.09665732,-40.21329953
balance,17.51434528,-42.7934701
rate,9.591511859,-39.51551663
bond,15.83839154,-42.3896394
price,15.7466699,-45.32174714
market,14.52393577,-44.56627522
stock,14.66955421,-44.15113635
profit,9.685228865,-40.87936554
index,13.43901288,-44.39294702
access,11.03479752,-37.42802218
net,9.154719313,-40.55813645
average,8.081223004,-39.47170225
gut,18.40682783,-42.65060997
discount,16.9165216,-46.402551
bargain,16.15799192,-47.28879945
peak,7.154927793,-39.50406878
gross,6.881536874,-39.40665989
total,6.923655171,-38.99184388
further,15.20177566,-34.93843981
merit,20.30321175,-36.97567464
auction,16.26197465,-47.44254531
retail,11.03554089,-49.11781063
amount,6.094373693,-37.73043358
support,21.23852996,-34.57114168
pace,6.43948504,-40.15034337
appeal,22.19462614,-32.75912345
challenge,22.40827262,-32.4220841
ticket,19.89512527,-54.90008054
discharge,57.49147762,-29.90025978
conduct,46.78753683,-35.72129968
recount,56.15171523,-36.58884971
review,46.23996919,-36.59101433
audit,45.75535664,-37.24684418
mandate,44.89783024,-33.11896276
accord,43.77638913,-31.88446907
petition,59.16268766,-35.80408862
package,39.48398789,-32.71548659
state,39.32334359,-34.01129296
compromise,43.07215385,-31.27703209
bill,39.16180316,-32.72413002
pardon,59.63167105,-35.83726678
measure,39.0766698,-32.05675962
commission,44.76783949,-38.70995805
deal,41.97165705,-30.48717047
panel,44.55575846,-39.12438907
plan,40.15565256,-27.87910426
subpoena,59.93151225,-36.54346924
decree,62.77079493,-34.0895253
rule,62.81125679,-33.86991756
institute,41.01023878,-26.65315608
program,40.11881476,-26.82083828
research,41.5639309,-26.27826467
consent,62.97497839,-36.93180835
project,39.72774696,-26.63607829
divorce,63.00629806,-37.22049402
judge,59.55353986,-37.78129631
court,59.74108029,-37.62843805
sanction,63.98678858,-31.69875806
board,43.55449472,-41.45532947
order,58.7442374,-36.48941462
party,43.62408654,-42.50758382
budget,35.93861947,-33.33030212
promise,46.48947908,-36.9591047
gap,35.56481523,-33.38491283
branch,42.46799251,-41.19214081
slate,44.73054854,-43.94857422
pledge,46.39950217,-37.53490747
vow,47.03558219,-37.29459212
gag,61.35975158,-38.69193548
campaign,45.56948625,-38.98321297
study,42.57121719,-23.73857109
survey,42.57207554,-23.66062598
crusade,45.10936451,-40.01353297
reprimand,66.60542837,-27.57468006
censure,66.74864077,-27.40682098
copyright,64.2572032,-42.71161356
patent,64.27358711,-43.10185929
license,64.31966673,-43.85537445
sample,39.90770293,-21.59778228
test,38.26263209,-22.38151731
experiment,37.80270088,-22.72281733
rebuke,69.29234843,-25.11165493
process,36.11932174,-23.60538603
rebuff,69.7000157,-24.75667675
snub,70.31543112,-24.22542535
transplant,44.49084505,-53.11023616
implant,44.49314006,-53.11303922
recess,57.81486976,-12.14601978
adjourn,57.60706917,-10.99790712
reconvene,57.34327817,-9.644671777
convene,57.25836285,-9.215406558
record,5.494748274,-37.03309374
team,4.793906366,-37.16795968
club,4.265787109,-36.89291183
coach,5.30368523,-38.92871932
champion,5.706667679,-38.25516925
quarterback,5.174458046,-39.84483757
guard,7.281379902,-41.53014072
tackle,4.705556987,-41.02685406
vault,17.8547202,-35.34733441
post,12.44185844,-41.88208463
top,12.56968948,-41.92156469
spot,18.75963427,-34.57707118
rank,13.48166193,-41.93505127
trouble,9.8876105,-38.86996729
suit,11.81704478,-47.70152095
bore,9.193904617,-40.89479194
place,19.72151812,-33.77730024
saw,9.019544094,-39.95038115
position,16.49003396,-29.03738248
repute,12.77389444,-47.88301875
found,9.128009159,-39.70588394
trump,1.442484681,-29.13849195
cast,11.63558777,-44.90697934
rest,20.81262171,-32.1903466
time,21.25946096,-33.00599024
trick,1.277502163,-28.59137205
right,16.18687133,-28.54557339
best,17.31871997,-28.1346528
shadow,13.06740063,-47.54837043
practice,22.13477373,-33.74298988
course,22.33405643,-33.13584864
damn,16.65842553,-28.19851694
tie,0.64768464,-27.02302775
scratch,5.043293212,-41.66595515
fumble,-2.409046943,-42.59570666
sack,-3.436229424,-42.99233678
hurt,10.48138458,-34.12296961
home,18.11697591,-48.92185473
camp,18.26959673,-50.11251929
score,-1.406547171,-41.88650766
span,-1.059221471,-42.07144287
range,-0.833664863,-42.09844974
thrill,43.55346722,-54.92296448
intrigue,38.26754574,-55.80543585
comfort,41.15456337,-51.13653604
menace,46.55520972,-56.27564626
delight,44.78717967,-56.2320496
compliment,46.66746247,-48.39294571
temper,38.09210509,-49.2829479
poise,37.55393438,-49.51953418
dread,46.49914016,-57.1515167
rage,48.09523428,-56.954011
experience,38.8089633,-50.95132527
pride,38.68481527,-48.72818456
sense,38.90466067,-50.17039244
acclaim,38.03022133,-52.47424445
anger,49.16854676,-57.10384307
charm,36.76781589,-50.13625421
shock,45.9611719,-58.57617541
outrage,49.84510457,-57.47267068
praise,45.8737539,-46.44998328
distrust,49.62259194,-55.60559923
dismay,50.63812017,-57.05565727
respect,38.9878448,-46.8909705
panic,46.37097128,-59.53266943
grace,36.01463113,-49.57258409
disdain,50.9674505,-54.28878215
despair,48.02837459,-58.41614761
envy,51.28071167,-53.63416082
honor,39.08971821,-46.03458959
desire,38.64424821,-49.29299941
curse,48.09995299,-47.20049644
disillusion,47.90701258,-58.94212852
consummate,35.16604832,-49.35203094
shame,48.43349651,-47.12898796
encounter,47.35393166,-56.51294925
distress,50.26993548,-59.56854997
wave,45.06117797,-61.30461079
yearn,43.55316632,-46.68439037
ridicule,50.4867309,-46.47724976
love,43.07678821,-43.79976164
cherish,43.09337414,-43.68778545
crowd,44.05186793,-63.07357281
bully,51.10997469,-46.07654737
contrast,29.59485342,-56.01319999
utter,48.70756599,-55.3377893
buzz,38.91714901,-66.5049772
silence,49.03171662,-54.92040112
hype,38.4046091,-67.08389628
dissent,49.16557916,-54.2491162
hint,28.24019501,-56.15580982
tinge,27.88399835,-56.22430469
worship,49.16651849,-55.89294682
stuff,37.34209693,-68.07792384
frequent,21.19005753,-18.87317052
direct,21.86369578,-19.25842867
free,16.9600458,-18.43281549
major,23.28719434,-19.85545771
open,16.18704803,-18.07379264
key,24.43728605,-20.22965009
ready,15.82918225,-18.96287206
secure,16.69496167,-15.82682578
clear,19.72287933,-20.66878832
single,25.3470427,-20.16603343
unlock,26.01857861,-21.38627382
welcome,14.92660195,-20.34934956
become,13.40014961,-18.8328175
equal,24.32805853,-16.52438537
appropriate,25.31047861,-17.50039802
shy,11.73859809,-18.59998748
brief,13.96545469,-22.5328603
reach,11.82144343,-17.62284628
fell,11.36222891,-19.85602768
correct,26.63855626,-18.21751094
long,16.50979605,-24.74660011
short,16.50560852,-24.69822492
exact,27.16482664,-18.41012653
approximate,28.01695643,-18.63780733
complete,21.91764185,-8.684593662
fast,16.52365659,-26.43226512
present,21.95195841,-7.926364077
array,28.59149947,-15.09910552
separate,27.49060229,-14.00941632
alternate,27.623706,-14.12524252
render,21.98092175,-6.374520421
substitute,27.09213731,-13.65731515
spare,21.15726705,-29.03019614
own,20.97617519,-28.73380039
sacrifice,20.86212653,-28.64709332
command,12.13618623,-19.15935467
power,11.36277168,-18.5195601
leverage,11.58850012,-18.42405763
favor,15.04432939,-17.70028402
combat,11.59088607,-13.08053391
lead,11.81040305,-12.28589649
wield,9.265522993,-18.3165947
exercise,9.351989689,-20.33581716
pose,12.3072141,-10.58441995
object,12.30717675,-10.36302006
predicate,12.26689143,-10.14622253
handicap,20.77965225,-33.20773873
size,17.97437374,-34.24562778
stroke,20.73349255,-34.36306736
structure,13.7843235,-37.10878878
care,28.36912586,-9.582464942
undergo,21.41426841,2.301021608
book,52.51383074,-42.83421309
stunt,52.88608299,-47.20324058
film,52.33736293,-46.85737979
catalogue,51.81263653,-41.843345
catalog,51.7871655,-41.80937647
script,51.62923313,-46.99516313
headline,53.16971454,-42.01766672
subtitle,55.91080434,-42.63736628
piece,50.80198121,-47.33642501
print,50.50589498,-40.37347035
critique,52.9723514,-47.9004832
reprise,53.80681391,-41.17591932
puzzle,48.51903955,-48.92289893
eclipse,53.80287457,-40.83048153
star,52.2530291,-52.8457569
tape,48.58708778,-38.57356569
videotape,48.54884278,-38.53768586
plot,46.63777836,-50.66018321
remark,60.9449248,-39.16453257
code,59.87682063,-41.63688892
phrase,63.1161185,-42.21438333
parody,63.76782439,-47.63525434
word,63.22492666,-42.00943655
verse,64.11429127,-47.78398272
preview,51.78111994,-34.21098995
quip,63.96284858,-40.35839583
retort,64.00012522,-40.34718004
lecture,51.56288405,-33.61085934
rhyme,64.90869261,-48.01693683
tune,62.70125279,-53.09084626
host,59.23445908,-55.62184489
pop,61.96326486,-54.41847297
spell,64.71451465,-40.65145041
band,60.71974655,-55.36776326
rock,61.45854471,-55.14792081
pronounce,65.17067919,-40.23524805
dance,61.8293165,-54.83146575
audition,50.75019991,-31.70289418
rap,61.73428777,-55.92522815
segue,63.53808277,-52.8947536
page,38.52312996,-47.89939391
interview,50.39458735,-31.1009327
number,38.11820435,-47.84461035
chart,38.00597239,-48.01284102
list,37.84539142,-48.21549394
map,37.79736617,-48.11088038
contact,49.78255048,-30.22388599
chronicle,62.59175765,-36.55871402
lament,62.59655485,-36.55815899
couple,37.60931765,-50.09471843
spy,39.32004599,-47.31881319
search,38.61314996,-46.38592932
link,37.93537724,-44.85726346
glimpse,37.85907559,-52.86570295
draft,35.58850927,-47.01347867
provide,-2.819312697,11.75456292
employ,-1.346552871,10.45471146
deliver,-0.678727977,14.70853984
produce,-1.240459781,14.6293992
contain,-1.695005826,13.47549603
receive,-6.415133649,9.634234795
earn,-6.563713558,9.58462011
gain,-7.176096863,18.09059821
possess,3.273208356,4.054133833
use,4.130632279,4.105011921
develop,7.60475522,20.30831867
amass,7.748328108,6.028455494
manufacture,5.182355717,3.35047992
retain,-11.01290451,20.14083265
reassert,-9.50442781,22.24686265
re-establish,-10.51772802,21.65929248
regain,-10.29483064,21.44309378
establish,-10.61316816,21.73459902
maintain,-11.70690669,19.96009495
utilize,6.516085183,23.7175747
designate,-10.74000499,22.12538378
incorporate,8.2988861,22.70353657
advertise,6.630101305,2.030057275
popularize,7.113845138,13.33307473
publicize,10.93268623,13.16138481
complement,9.441212512,23.98212197
assemble,12.3073655,10.11766894
organize,12.32531903,11.46070764
reclaim,-11.47904686,24.57251779
prepare,13.01104084,8.886066255
recapture,-11.83588377,25.12567345
arrange,-9.202059338,0.340343017
obtain,-8.786350492,-1.431865213
procure,-8.770160959,-1.520508745
elude,-12.92656949,26.86029843
oversee,19.5599593,12.50216452
supervise,19.71705815,12.58778215
bypass,-9.424366932,-6.607008352
return,-6.999883672,-7.329786778
outrun,-14.62441873,28.9243633
monitor,20.58199175,13.09646467
observe,21.26274131,13.62213339
win,-21.48104309,22.63446469
outdo,-24.20743214,24.43209836
muster,32.61440054,2.940141509
overrule,32.83321692,5.843506763
repeal,32.09247809,4.893801358
declare,23.71185071,7.026760057
veto,34.6448848,3.798775441
vote,35.68453225,3.403512605
ratify,27.53209196,9.088427619
sue,24.07928445,-7.246491958
uphold,32.39344857,12.66414179
forfeit,20.16145964,-5.893569673
solicit,26.01185919,-8.764070393
vacate,18.27764995,-1.904930875
renew,18.67355972,-3.576850493
renounce,14.40326242,3.459446616
surrender,15.82050789,-2.835693218
abandon,13.58957163,4.791701193
forsake,13.32895317,5.200682668
update,31.27112032,12.23978084
adopt,29.37901267,6.628010399
restate,15.90731053,-6.778404428
shelve,24.4304649,11.64280516
negotiate,22.79673626,-7.050609972
propose,32.73257948,5.395571816
renegotiate,21.3889241,-7.259108636
recommend,33.51854512,5.113008962
consider,33.82479806,5.060408158
approve,37.41674541,3.385843962
refresh,33.1457881,13.5378654
recharge,33.44437295,13.75875931
redo,23.17727144,14.28127623
accept,39.85560553,5.333561747
proclaim,34.23100699,19.57968275
disapprove,40.10015187,3.656752336
dismiss,43.1840426,7.414326295
pursue,17.82027631,6.050655572
undertake,18.34352967,6.34353997
affirm,34.59298238,20.36561523
endorse,42.22423708,5.619461666
oppose,42.55384496,5.676957909
reaffirm,35.31849466,20.78673616
vindicate,32.99372472,21.55768875
devise,21.95950311,8.313954068
reiterate,36.19220186,21.26756701
administer,24.36093667,9.231852395
forgo,26.64594519,-17.76395143
reconsider,38.21867403,3.791006484
revisit,40.69385957,4.685077101
reschedule,27.18331068,-19.42783885
re-examine,39.96837393,3.867419572
rethink,39.18911842,2.97938763
reassess,40.09849608,3.254787495
re-evaluate,40.17061529,3.092648729
immortalize,31.34398601,55.79622892
baptize,31.18528722,56.77154462
embroider,34.52359483,54.83153497
embellish,31.79920546,55.17150122
sew,36.9134059,54.98812923
stitch,37.71915351,55.35124147
reinterpret,20.55703009,56.42640472
etch,34.12742545,56.71225167
retrace,34.35650789,42.21242878
enshrine,18.98117299,57.4578301
codify,18.79319178,57.59280373
affix,35.16563829,58.50860413
concoct,17.34564029,42.15079469
situate,18.90477083,37.16825693
hone,36.0403867,39.39113378
flex,35.78155827,41.28376701
reconstruct,21.65249725,33.98908908
refine,36.8503118,36.26429977
tweak,36.92894601,35.98902195
encase,27.06567658,63.47521611
pelt,28.61029302,64.7162987
poach,27.46245714,63.65017255
consign,58.91545423,36.88899853
relegate,58.91620685,36.88725859
re-emerge,-45.35129289,36.4480315
implode,-47.61271147,35.15363639
waver,-48.95619992,37.7286717
coalesce,-48.44209312,40.87818832
reappear,-39.39230227,36.69646361
emerge,-38.57963002,38.43740635
resurface,-39.44425389,36.70635639
subside,-48.44562976,33.28572329
recede,-47.40983911,32.82699099
evolve,-44.06740234,43.58154228
flourish,-42.78747565,43.38275956
perish,-45.11586813,44.69489682
vanish,-40.59807278,32.30871177
disappear,-40.59778093,32.19314287
persevere,-37.22019399,41.08805102
prosper,-42.40972513,43.74984517
wane,-45.4354864,29.47334638
dissipate,-48.89600919,30.72150955
disintegrate,-47.10112524,29.55457676
thrive,-41.36786142,43.99003246
prevail,-36.29858052,40.58851999
deteriorate,-41.72203994,29.10173378
crumble,-47.29078539,29.13577197
erupt,-49.13869569,30.6050656
materialize,-39.59989136,29.05758736
persist,-35.24608343,40.87811582
survive,-40.83805095,43.52168367
happen,-38.6495519,28.96197352
ensue,-49.84279293,30.65431215
behave,-37.77252849,28.73042959
backfire,-50.14788052,30.66278874
recur,-34.01843057,41.2821765
occur,-32.77647651,41.66357619
arise,-32.25848252,41.83544386
overheat,-52.58929962,27.89467092
sap,-51.55461409,25.92449828
converge,-42.39599725,41.99343115
diverge,-42.39424513,42.00277159
blink,-47.70766375,23.34239726
mature,-41.76316765,52.0015766
outgrow,-52.13428416,48.56669143
outlive,-52.19010519,48.66297562
outlast,-52.40338775,48.92809866
cheat,-2.541329367,81.76016931
hide,-1.428669688,80.28744421
disguise,-1.544021528,79.51383895
rob,-5.201402001,84.87810749
steal,-5.183881912,84.90152685
grab,-4.139875845,86.57542776
snatch,-3.170111175,87.55755682
bribe,-17.62409488,88.71752016
extort,-19.12436373,88.88326707
launder,-19.62318199,89.06536294
misrepresent,6.491311353,74.43507655
embezzle,-20.49934054,89.37960222
rationalize,7.93712212,74.5656563
resettle,-24.32884729,86.75229259
repatriate,-24.45356045,86.69490069
overstate,9.927903317,73.4732416
underestimate,11.74412111,72.66269698
overestimate,11.78774115,72.6199813
earmark,-26.52623853,88.94842926
allot,-27.65285236,89.2117287
understate,13.33790219,71.71503598
hate,35.96665003,20.26178145
remind,24.70296821,29.56543743
fail,37.9779216,24.34608934
tell,25.01733293,30.23917711
expect,38.1577635,24.29735816
dare,32.78197695,16.001949
hesitate,32.75643683,15.97806646
deserve,38.39807458,23.80883869
do,39.0029688,23.71131084
wish,39.33771737,22.16208959
need,39.88147801,24.51287066
want,39.76965861,22.23545902
intend,39.96283577,21.37862877
ask,28.72093378,26.76111417
attempt,40.33631253,18.76815911
call,29.19803596,32.17251023
try,40.63756355,19.36924559
decide,28.72303088,26.29674368
execute,41.24982416,19.53648176
prefer,42.02068737,21.928163
choose,28.75742075,25.1123807
await,29.66640427,34.17179653
imagine,15.85467153,25.38436074
envision,15.68335269,26.54778524
foresee,15.62540721,27.48564401
select,28.76119454,24.71357711
bother,17.43586564,21.03571239
anticipate,15.65640089,28.08909323
tend,42.2997178,21.70599041
recall,15.92349005,22.35032997
remember,15.93029484,22.20390328
predict,15.73722663,28.73775923
forget,16.07214155,21.42788707
assign,28.76750221,23.86624116
miss,14.6149792,19.71769355
forgive,14.9133176,20.60023812
articulate,21.45893683,46.0334369
convey,20.77902834,48.12830492
behold,21.60596507,45.43816736
imbue,20.7866335,48.61542048
accentuate,24.77273413,52.82106593
express,18.46908977,48.50236508
clarify,26.62889269,52.05085331
explore,27.04089766,44.57439124
underline,25.62317502,53.00271825
underscore,25.54063563,52.75421872
illustrate,26.23673959,51.89258092
reinforce,26.07878072,55.12743469
ponder,28.13935897,44.4428322
explain,27.1920347,45.50904179
contemplate,28.57866426,44.16777592
relish,29.77705177,43.50654863
amplify,20.2329093,55.48337717
reflect,25.48803345,53.79737638
navigate,23.28639379,38.67091744
underlie,21.31915624,49.01515317
delineate,27.06843053,51.69190603
transcend,21.11116753,46.49848106
rediscover,20.54419969,44.88096892
animate,27.08504339,51.74417449
summarize,20.9723632,33.31883703
interpret,20.9301422,33.30824089
skew,19.61016839,58.62680622
manipulate,17.57221785,58.59186456
visualize,21.54139985,36.9186125
discern,22.95963973,32.47204635
decipher,22.34589605,32.49153068
trace,24.21293748,32.38487433
marvel,18.4083837,40.60312076
glean,21.34887533,32.3857085
grasp,19.2983912,38.63026302
comprehend,20.51071936,37.043932
obliterate,21.6337431,53.7615657
alter,20.77154025,53.92903166
negate,19.4073212,54.37391031
celebrate,44.51116647,50.16294227
commemorate,44.5489512,50.20526367
memorialize,44.63294068,50.28986043
denote,40.48492869,59.95479846
signify,40.74772578,60.1968558
retract,6.948757962,79.03064276
laud,6.546446474,77.35629903
repudiate,7.785237413,78.19468133
recant,5.641423549,86.50290416
belittle,4.018333877,72.90629633
patronize,0.86503572,73.26607956
betray,5.182433419,72.84533396
misunderstand,7.750174717,71.75638532
chastise,6.111127717,89.45298979
castigate,7.078318971,89.42387493
misinterpret,8.382734239,70.34736211
chide,7.635924239,90.81542592
berate,5.394369277,91.3537293
commend,8.626415127,91.0506733
scold,5.061050064,91.88004097
heckle,5.339033823,91.74688129
admonish,4.653879976,92.28223093
taunt,3.75212811,91.96300889
bash,3.165054058,92.15267902
trample,11.1588853,88.16670515
flaunt,1.777506622,74.00739207
brandish,11.27783822,90.57170981
accost,11.15998617,91.23249086
overhear,11.28932111,91.80802933
legislate,10.10602399,68.0884288
indulge,1.56446025,73.71921163
contradict,1.139171373,65.31374525
dabble,1.436793142,73.50330641
implore,2.923634175,94.39673098
exhort,2.784727724,94.60959961
rebut,0.564488449,64.24734431
refute,1.022934585,63.75701368
substantiate,0.5586437,63.03504336
liken,31.97294661,79.30544148
deride,31.45211194,78.81595638
condemn,25.40091262,80.30695113
deplore,30.07363145,77.70857533
denounce,25.29468785,80.71322925
assail,25.49718022,81.93146286
criticize,24.81503961,80.43463517
decry,30.6565447,77.60649478
overlook,24.39586668,80.10527322
ignore,24.01517042,79.78941643
bemoan,30.64169437,77.08869671
tout,39.17042489,71.92757001
shun,22.92200675,78.90023619
extol,38.98760774,72.19357431
eschew,21.90071925,78.10475313
devolve,50.31970872,79.16281137
outscore,47.9865213,78.45044403
trounce,48.19140909,78.39252991
ply,52.40118805,75.53729535
ravage,51.42903772,77.17074918
infest,52.08553416,76.40983191
besiege,51.23774683,77.33419948
destine,68.0656411,69.67165892
predecease,67.89125368,70.11157637
encrust,69.05196812,70.54718469
misidentify,65.25601591,69.61938313
sheathe,68.91470376,68.65519487
entwine,67.5837749,68.52047852
accustom,64.52094851,69.49684589
denominate,70.31631257,70.53927638
rend,66.02909514,73.82873257
motorize,70.77893789,69.39392993
burgeon,71.00522533,71.40899688
fulfil,70.16094917,67.44413349
vend,69.49930596,69.37366139
rove,70.06450017,71.08756536
emblazon,68.98580154,66.41139233
ail,70.99384713,72.61415843
distil,71.68955046,72.03210693
disgruntle,72.25260712,70.10210121
enrol,71.34604396,71.0971251
intersperse,69.81048779,67.85529984
inscribe,68.28507575,65.46675213
engrave,70.07253341,65.8938909
arraign,68.66290923,68.83700407
bequeath,61.82468789,68.58904472
befit,65.46789255,76.03423364
email,72.22742207,71.50005734
interweave,69.90018184,67.68578299
mar,65.28759513,76.60066151
entrust,61.17050971,68.21663743
mishandle,68.16428391,68.08153232
fixate,69.46567967,65.20684196
posit,69.35599305,64.41425586
intertwine,70.12977097,68.29724056
misplace,62.48004694,60.79605705
elapse,62.45092856,60.74084104
induct,57.49609973,72.12033361
christen,57.02303059,72.3380447
moor,78.05853608,62.84610198
engross,55.01403279,77.77760023
mesmerize,53.2571855,77.53699831
surround,49.42260729,53.15112759
inhabit,49.66432118,53.64676429
abut,59.43962061,43.65779322
adjoin,59.79124191,44.13761708
encircle,56.98733753,39.68311625
straddle,58.33419388,38.21306395
cross,58.65283411,37.97061598
traverse,57.74038273,37.69044625
cling,56.75881418,37.57808566
picket,59.69467246,37.03210932
feature,37.00815744,51.10365984
dwarf,37.11536957,51.42100076
strive,58.04943124,51.7732379
aspire,58.05056132,51.74580967
dot,37.43407958,54.4675194
resemble,37.17582399,54.78858339
cater,58.39889388,47.53748489
gravitate,58.38083976,47.41934942
intersect,49.23070207,60.16697234
collide,49.21933782,60.16406086
mimic,37.58818712,56.20468191
punctuate,38.45143129,57.57854262
allude,38.83550837,58.07890883
ascend,60.41576317,28.46362773
descend,60.41475047,28.45171288
exude,53.55252424,66.04281598
crave,53.1731573,66.24115672
teem,61.84806884,64.90267237
radiate,57.55438914,60.48834121
transcribe,62.59698712,66.16798506
lurk,60.05995582,61.15926646
beckon,60.28046006,61.42623175
emanate,58.56474742,59.66698178
predate,50.43938854,67.70539727
resonate,58.4549078,58.52837215
epitomize,49.37537009,67.46462608
toil,59.29315107,66.97261143
graze,62.03731505,65.07726058
embody,48.41517043,66.28704721
roam,61.78339315,63.89373062
congregate,61.49781216,62.42160246
mingle,60.63144563,62.34410594
defy,47.96160893,66.68333258
befall,51.71003792,71.70009249
predominate,58.26493556,63.97152657
relive,55.43614238,72.13057897
excel,57.38431495,67.38882556
tempt,47.48075785,67.42164328
typify,48.41114527,68.17467517
echo,59.26794247,56.65523424
abound,59.86821362,62.71052954
exemplify,47.94626656,67.39364097
imitate,47.21375054,63.47527417
pervade,49.61405777,67.06073062
afflict,48.27740349,69.0749556
permeate,49.75767189,66.92109968
gaze,59.71333314,56.19555421
revel,54.74186708,71.38684962
overlap,59.86914209,62.40327754
sympathize,54.52874571,70.8446834
simulate,46.8946416,62.11381629
gloss,67.71378791,65.43510092
scoff,53.99485842,72.21395911
concur,54.61373951,72.01393798
intrude,52.85777093,73.38900111
encroach,53.03018351,74.97548146
obstruct,50.34558271,73.69784089
peg,68.62820144,58.52815817
espouse,46.60834146,76.92882876
censor,48.81966659,73.89009468
latch,68.6084641,57.87327971
purport,47.10064706,78.50009898
empower,47.61778582,74.05699726
profess,46.5564607,78.19294336
proliferate,59.40035536,66.82174566
interlock,68.99749707,60.53149545
preach,45.71438188,77.84270837
wither,59.09949563,67.75179478
protrude,69.30644946,59.78808106
abdicate,57.09552253,71.27416944
relent,57.26057778,71.01244318
falter,58.99371163,68.04396331
dodge,66.51017104,52.61313274
rumble,68.00112156,54.36291273
swerve,67.71813489,53.89976476
hurl,68.82616772,54.60522183
covet,41.97931771,76.86119136
loathe,44.34629014,80.15514251
detest,43.95116356,79.73082956
dangle,69.88996007,54.99218588
adore,42.7468156,79.69370101
despise,43.92545485,81.22203793
revere,42.4549692,80.24630299
nestle,71.9377581,57.22371605
undulate,70.74560753,58.38651876
pulsate,70.64152518,58.48298375
personify,41.21399434,60.64008195
jut,72.944131,58.06693998
hark,73.54489198,58.47740509
symbolize,41.05414488,60.48097034
idolize,40.59833617,81.70569896
spar,71.50594239,52.96207213
revile,40.06069129,82.18745009
bask,73.65499895,52.42590598
compost,-71.92888272,-25.1578478
sprout,-77.16819414,-30.25492391
bloom,-76.47167908,-30.85111042
blossom,-76.19289598,-31.30721199
bud,-77.11705,-33.2218649
flower,-77.42578549,-34.38371339
heap,-69.49344298,-22.70925052
pile,-69.50976159,-22.41292137
stack,-69.56264495,-21.34936433
double,-88.38628157,-12.0672433
seal,-48.79904596,-31.28731067
nail,-47.54736955,-30.00406086
clamp,-48.67805132,-28.41664977
discard,-54.3462237,-35.51594715
buckle,-45.79432224,-26.64494772
toss,-55.51815445,-36.61048846
pinch,-53.26154986,-40.22157913
filter,-42.07906623,-38.86420319
chop,-56.80365248,-36.9701655
peel,-56.4382517,-37.08549947
scoop,-57.56354732,-36.90558084
wrap,-58.65188678,-37.26289184
drum,-46.96106398,-19.88314062
prop,-46.79551645,-18.1962156
haul,-34.19075184,-42.48239631
load,-33.41690387,-43.96109002
pack,-32.63283359,-44.73195002
rig,-33.32088815,-44.42382996
dredge,-60.75874456,-23.70073846
bog,-61.47256883,-23.92373271
siphon,-62.21936592,-22.04645302
spew,-62.23135148,-22.65255104
seep,-62.18967749,-24.0092583
ooze,-63.11566893,-24.97721148
sift,-57.93527227,-9.933715121
drip,-63.33793655,-25.37752561
droop,-65.69332414,-24.88530824
dig,-55.01140364,-11.28975461
lay,-54.16975726,-11.33655373
taper,-68.79069137,-16.78080737
eke,-68.23275764,-15.80673225
shore,-52.3210528,-11.7043051
ward,-51.73251286,-12.24406315
stave,-51.45776744,-12.51620014
fend,-51.34804344,-12.62096409
suck,-49.34751754,-30.04870856
chew,-49.22290847,-29.99038952
tease,-50.27147017,-30.52219963
spit,-48.95780961,-31.56567624
swallow,-47.37477676,-29.24179786
curl,-54.19872266,-30.12615582
sniff,-47.25701762,-29.2017818
shrug,-50.54859664,-30.67723809
crank,-46.29853373,-28.55844305
pluck,-56.50334381,-28.85155937
lash,-52.16545849,-23.81852223
drown,-52.10590139,-23.35476263
rattle,-51.17186635,-29.81911779
whip,-51.45308471,-24.02424422
choke,-52.32674134,-22.77015642
tick,-44.99083479,-28.19719184
sting,-46.94676876,-22.0752801
clog,-54.637874,-21.91865355
lick,-40.38946717,-31.27944885
rinse,-55.10675265,-36.97174063
gnaw,-60.81149248,-28.41288728
wash,-54.86165507,-37.61532768
mess,-44.30271456,-20.73601753
stick,-47.41459355,-40.3223845
tuck,-49.16399582,-40.46826931
thrash,-54.60203683,-21.41331371
bite,-38.75430394,-30.92232179
bathe,-55.98376928,-38.67526921
burrow,-62.39596857,-28.09438484
mire,-63.0632125,-28.56183887
comb,-47.60170626,-42.79467649
up,-28.08442156,-15.9655238
log,-29.07258912,-16.330534
back,-27.77428013,-17.14078524
blow,-28.11864229,-12.75472384
show,-25.54639516,-14.12098085
shut,-35.31287704,-16.00152031
tear,-35.47114563,-16.68810164
count,-26.80180951,-18.09941166
figure,-24.13024423,-10.89757417
pick,-30.47618652,-8.083905875
lock,-35.21982485,-12.22587632
preside,-25.15725249,-6.84875852
step,-31.40795223,-4.825094367
catch,-27.67462996,-16.13433412
shoot,-27.6396904,-16.47584798
tread,-33.2136526,-2.475869228
sneak,-18.35193351,-17.2371102
hunt,-26.99492231,-17.26537529
wake,-18.30653889,-18.22009847
sign,-19.59777672,-20.50716619
point,-17.91122248,-21.91651132
mark,-17.36769746,-22.85359107
usher,-19.07901805,-18.66081605
phase,-16.64088513,-20.5747779
tap,-41.39149908,-11.7666578
dip,-43.15594139,-13.07582048
beat,-9.125102462,-21.37672336
play,-8.802847794,-20.42972745
pitch,-8.166733833,-21.50531932
exceed,-0.758050301,-20.42248283
surpass,-0.666368775,-21.23375858
match,-0.5926338,-21.91048783
glitter,-3.384132415,-53.08874888
shimmer,-3.427685884,-53.02478355
texture,1.061693794,-55.06773812
flavor,1.177175672,-54.89640663
tint,0.763413428,-56.59294979
taste,2.338792203,-54.20988376
flutter,-8.735099772,-46.8589402
flare,-11.62499785,-46.12538425
reign,-6.334062303,-29.56555622
triumph,-6.101103506,-29.24912784
sweep,-6.51233112,-29.74894503
homer,-5.021829395,-25.66691916
duel,-8.157446235,-31.64233705
foul,-5.115270124,-24.69638567
season,-1.324964285,-27.07530083
sprint,-8.891366333,-32.39110534
last,-0.731794456,-27.06778293
gallop,-9.589712895,-32.59593164
dash,-7.331606537,-30.7504661
round,0.315653198,-27.16809042
relay,-7.958006944,-33.94058877
beset,-30.48612303,-3.205941771
overrun,-30.48593798,-3.206157075
sob,-9.743295297,-11.27902351
wail,-9.841392063,-11.54235607
weep,-8.483107345,-11.75275778
laugh,-8.426387643,-10.31173007
joke,-8.405982673,-10.08304326
hum,-10.08958031,-13.32605609
exclaim,-8.464154988,-6.274796047
fool,-8.444737644,-9.413407452
growl,-10.32652613,-11.62391617
cry,-8.17283699,-5.069006471
whisper,-10.07795268,-10.82796301
roar,-11.00118036,-13.47672428
howl,-10.82760266,-12.54546654
whistle,-8.888662281,-14.39274248
chant,-9.786663234,-9.672361685
shout,-8.218557388,-4.370885797
scream,-8.122819538,-4.242927554
yell,-8.018034134,-3.484343566
cheer,-7.187456855,-3.158499127
boo,-6.903419852,-2.403834548
hug,-9.417565089,-20.08506781
kiss,-9.394080561,-20.28466445
nod,-9.264896087,-21.48511184
smile,-9.020200115,-23.2406574
frown,-8.954586502,-23.85018634
rebel,-2.434667366,-66.35549565
revolt,2.053297148,-66.90994452
war,2.347212792,-67.21491627
massacre,-2.078315127,-69.68953251
conflict,2.594603828,-67.27458224
dispute,3.17380672,-66.00983631
clash,2.271945637,-68.27711041
raid,-4.698416317,-69.56063158
attack,-5.235564528,-69.13634251
ambush,-4.738640179,-70.17926295
crash,-6.770602785,-68.18842711
feud,4.703233188,-67.03460703
mastermind,-4.870917405,-71.21030977
mass,1.778065151,-70.76927625
fight,5.643036271,-64.7003819
battle,5.844953306,-65.13944286
struggle,6.604240795,-65.60124096
bomb,-10.88457297,-70.16806849
detonate,-10.88420124,-70.58790496
blast,-11.24809486,-69.74943529
protest,-0.990369651,-53.95086818
boycott,-0.921067904,-53.99818574
rally,-2.640732132,-52.2823843
assault,26.89290597,-77.64320048
trespass,26.00118511,-79.7217595
neglect,23.17866033,-81.23611391
misuse,23.14994401,-81.68913684
graft,23.91900598,-82.29836987
arrest,28.44830655,-76.3754422
drug,21.34307503,-81.34626623
jail,29.80873583,-74.2811776
bail,30.35828088,-75.04974769
gun,20.27704588,-81.39581183
parole,31.54141321,-72.32169148
term,32.79072969,-70.75172398
police,17.44654485,-81.20088936
patrol,16.92634639,-81.20235214
escort,16.5048225,-81.24639693
hoard,16.97286717,-42.76246908
bid,22.92487935,-46.98578612
stake,22.92291208,-46.96777815
deposit,16.26151814,-43.12235611
cash,16.15758317,-41.90449689
loan,17.22579151,-41.94173435
exchange,15.03587682,-41.72034707
default,16.21710177,-44.58075922
repurchase,16.47226796,-40.21972802
refund,20.69905025,-38.75514277
venture,23.85415194,-47.00203655
hedge,22.42398179,-46.04255843
share,15.12735222,-41.31033865
fund,22.11710374,-45.26287321
bank,21.53771499,-44.70658104
reserve,12.6650292,-38.66446085
wage,24.84997643,-37.76987845
discipline,20.15371789,-48.2564646
syndicate,24.79477649,-45.3275374
tax,25.79362495,-37.4529055
labor,18.83495904,-48.82042129
contract,12.83419641,-37.18272424
trade,18.33256838,-49.18140509
excise,26.33704576,-37.43310873
lease,11.87072892,-36.4508248
rent,11.55503199,-36.22257175
levy,27.3560253,-37.41581683
grant,24.26990795,-33.47568217
sum,17.73468575,-56.7986448
lump,17.83311257,-56.79450422
bundle,18.18108864,-56.73246969
stretch,-2.136436226,-63.77461196
beam,-6.282572351,-67.26446734
line,0.087522433,-64.87160028
hole,-4.095424179,-66.10233996
trail,0.937693809,-65.93279723
wall,-5.465267266,-67.20293575
bottom,-2.842259165,-65.87318179
fence,-5.340585752,-67.05557154
ditch,-6.377296268,-66.76469714
base,2.428105422,-63.03745219
fan,3.713926067,-63.04449764
plate,-0.015462718,-60.13594364
pit,-7.369312183,-66.49095171
batter,-0.060962739,-59.81880401
barricade,-7.723443009,-69.61493347
bat,-0.30572279,-58.76813441
crest,-8.620721874,-65.58762459
rear,-8.24967727,-71.91563085
deck,-8.305848296,-72.08838734
edge,-1.348849094,-73.71974644
side,-2.676738364,-74.2159631
foot,-4.944903492,-74.76336675
flank,-6.278378818,-75.52314887
slap,-6.535040533,-52.47000594
swipe,-5.409008409,-51.57872471
stab,-8.29699972,-53.15225527
snag,-4.456611591,-50.67548931
sideline,4.484699518,-54.21886433
field,6.301164642,-55.13752856
track,7.54954637,-55.3467539
distance,8.965081841,-55.55473735
patch,-12.84855268,-73.99212247
tattoo,-10.80405274,-74.49343136
blindfold,-10.88014995,-74.50756117
warrant,54.62409527,-15.69722849
file,55.98921695,-11.39172519
charge,54.73634555,-15.8043939
submit,55.84092224,-11.23064522
commit,55.44699362,-15.60093447
omit,57.80088291,-11.21289229
publish,55.40134559,-9.462248682
document,55.90032885,-18.55547773
mention,58.49283005,-11.89981654
request,53.98279298,-21.55306777
letter,55.36466401,-19.67194054
address,58.5869581,-12.74109591
answer,58.55318859,-13.80145051
reply,58.44790279,-14.24871477
copy,55.81555224,-20.47922304
note,53.44110104,-19.81486467
release,48.37407453,-16.059168
account,49.44912705,-18.22459681
report,48.70888483,-17.76563206
estimate,49.38144062,-18.98470415
date,47.11929196,-14.11563795
forecast,49.37134107,-19.09145075
notice,46.95372448,-14.20533002
bound,46.59531412,-13.93254966
downgrade,46.55370723,-19.11738219
matter,68.90999224,-27.51503609
question,68.87172472,-27.61761802
reissue,65.80672169,0.411270552
reprint,65.84853738,0.533123265
subject,67.96370839,-29.70665586
issue,68.29572699,-29.28321494
debate,68.32821476,-29.40135271
co-produce,66.33092649,1.985506595
narrate,67.27766037,6.450680508
dub,67.56732762,6.987088501
mistake,29.02160088,-25.49122062
reason,29.76995381,-27.07678961
excuse,29.24392066,-27.4244784
result,29.07519495,-21.35429865
impact,30.31780152,-22.55194434
progress,32.15211788,-22.10708922
caution,36.90012721,-20.20493928
lack,37.48518216,-21.37967952
err,36.98405247,-20.16139689
factor,29.92793974,-23.99822755
function,18.97065103,-20.49377567
fit,18.83824399,-22.18368631
part,18.14235087,-23.97616201
fear,38.34154057,-20.46248742
benefit,17.52423655,-22.92887739
work,18.42354045,-24.17579111
reap,17.21470016,-22.46746317
approach,29.05562197,-16.88171377
risk,28.45645781,-23.60951466
accrue,16.12051822,-20.99368512
burden,27.5723497,-23.90841233
form,24.00199515,-13.70276167
aim,28.0566115,-14.47512292
target,27.89304347,-14.19631817
blame,38.32208334,-10.51836842
regret,40.81604641,-17.84625482
sort,23.58005944,-13.0933531
schedule,23.71541486,-33.27410438
fault,39.37993776,-11.37540049
type,23.87294771,-12.97993351
look,19.24973791,-13.1769953
like,20.17714377,-12.25903136
evidence,43.4329714,-15.48798386
doubt,43.04419315,-14.72246639
resent,55.87939678,-7.940342312
dislike,55.82168889,-7.712781745
scorn,55.76902546,-7.463440976
recoil,55.93349724,-3.684900826
tremble,55.92037651,-2.882965232
strut,55.91974334,-2.232639243
bet,72.41570262,0.438476367
wager,72.93919733,-0.020226067
gamble,73.36405566,-0.390518331
assure,72.12543457,15.2411986
insure,71.51733131,15.25579223
ensure,71.4282073,15.25753555
guarantee,73.1993283,15.21610689
threaten,-36.27773276,40.33623545
endanger,-38.66345861,37.38475821
dominate,-32.20055927,46.49161993
circumvent,-33.67290455,35.26766678
bombard,-28.0727787,54.56968635
engulf,-28.52846891,54.92474624
evade,-33.6573214,34.66041038
inflict,-45.60539998,30.78712993
devour,-31.56701452,54.24714235
consume,-32.06531315,54.53031773
enlist,-55.69037177,40.95782911
feign,-57.87875834,55.98764081
douse,-51.46560418,57.9827743
instigate,-55.42289822,51.94643069
reunite,-40.31091055,35.9030835
hound,-44.70098203,62.63641024
avenge,-33.57061526,42.67841735
insinuate,-55.66634287,77.47270229
impersonate,-41.66743008,72.54635029
occupy,7.944094961,26.71327404
bury,1.261405589,32.32680833
hire,14.60236473,32.04481659
recruit,14.77445035,32.03139183
rehire,14.36686334,34.42711044
furnish,9.420858444,20.68538027
enclose,20.22406101,28.72295503
adorn,19.65379115,28.04814716
decorate,19.48659573,27.85694307
reassemble,22.5883788,31.49692839
restart,-10.51204898,28.92535145
abort,-10.59275251,31.98123536
weld,23.43012324,32.0738094
defend,1.380863617,31.01013375
protect,0.909341932,32.36181365
safeguard,0.639702521,32.39699227
shield,1.675419775,33.72159381
acquaint,7.985941872,37.4525108
orient,8.903546961,37.52160167
nurture,-10.95750095,35.01818928
cultivate,-11.13640698,35.21277659
abet,-3.969567982,55.64044901
outsource,-3.344478717,53.59498001
entrench,-3.900040746,53.69279072
promulgate,-2.742457085,53.71852472
obligate,6.794121255,49.60052939
embroil,-5.734161472,61.90028176
entitle,7.468689818,50.02351167
entangle,-5.564752895,63.44819739
disallow,7.324277708,46.22832072
ordain,7.543966696,48.76853772
accredit,7.960493878,48.41633605
litigate,7.70629399,52.92790197
confine,1.514265312,46.88995209
expose,1.317179257,47.25133373
nourish,-10.26216767,38.16423847
colonize,-12.49732353,37.26275089
suffice,-5.935631221,4.876867021
can,-6.359221986,3.736208757
will,-6.38100991,3.645179342
afford,-6.819181416,2.4830183
act,-15.70554421,9.481411424
handle,-5.432673304,6.770571304
repeat,-16.64716199,10.68022385
manage,-5.148371552,6.676300184
embrace,-17.13495439,12.13309099
revert,-17.9579602,7.214635385
shift,-18.07471644,9.861585926
follow,-6.150204408,15.05240765
satisfy,-4.170848242,17.56783521
meet,-4.243967948,17.33448686
dial,-2.750749518,0.387957837
click,-2.657768808,0.356538858
refuse,1.174934022,6.392309696
obey,0.219264356,20.94931005
heed,0.115039727,20.75816509
register,-17.40522784,-4.193000512
require,0.287812315,6.732128767
check,-17.4766899,-4.564418315
respond,0.492635871,20.17867328
react,0.552600723,20.18758215
elevate,10.70565447,31.99697977
align,11.4549368,31.95134042
differentiate,12.43631231,31.94621894
distinguish,12.66558042,31.93906208
define,11.89809802,40.50077431
redefine,11.89321016,40.5058129
conceive,-4.5742064,31.98303348
accomplish,-5.141735977,31.39359225
achieve,-5.583192672,30.90753657
attain,-5.792395656,30.67518526
assimilate,3.234678009,43.12833659
generalize,3.736544142,43.11276612
translate,16.39361836,32.33949272
infuse,3.30765536,22.81717583
inject,3.208100348,22.75118315
extrapolate,4.094315146,43.23362024
infect,13.53738681,30.98802829
correlate,4.382352954,43.43902392
calibrate,7.184514209,33.40062015
adjust,7.459294417,33.46822668
adapt,9.073435104,33.91918695
emulate,13.51477507,32.92142417
compare,13.36659807,35.00256561
duplicate,14.79732701,31.78425569
relate,13.04736643,35.06054974
recreate,16.40628156,33.9636605
re-create,16.46312933,34.04160055
categorize,19.09021958,19.94594744
classify,19.22180908,19.71143975
justify,-14.19425055,38.05842507
overtake,-15.30511899,30.10474127
delve,-8.309827134,64.93480661
expound,-8.322066438,64.96456209
conform,-6.708328992,59.76275727
adhere,-7.160299387,59.35015127
deviate,-5.709334655,60.72413762
apply,-7.644365931,58.80613627
hew,-4.650339127,62.0978238
pertain,-4.717881482,61.73547412
qualify,-8.559564843,57.49778935
cope,-13.87010402,60.77721606
grapple,-13.24761447,60.64707453
wrestle,-12.76293158,60.55303409
meddle,-20.48985831,67.3778946
tamper,-20.28121964,68.0385487
interfere,-19.51164138,69.72022026
correspond,-0.699852853,57.31691126
violate,-18.96327438,71.00892024
comply,-21.36907154,61.53447401
abide,-21.44416665,61.59832457
originate,1.100880159,55.32812891
reside,1.436781598,55.29086676
hinge,-6.256375313,56.78227163
exist,2.843087131,55.16858783
disregard,-23.3417216,61.75719637
belong,3.520145003,55.12765149
revolve,-6.153903219,56.63537873
transpire,-5.787350181,56.61409985
preoccupy,-5.741666373,56.62369563
haunt,-5.628872747,56.65763162
capitulate,-32.93406214,70.70660125
accede,-33.20101279,70.95815442
acquiesce,-33.11062186,70.87883694
renege,-33.91313473,71.68387347
believe,27.13249964,35.28836444
think,27.18210364,34.73165635
assume,25.98578372,36.12395238
contend,27.26535841,36.58195649
feel,27.09976317,34.79502802
guess,26.77312757,31.76002431
suppose,27.41872055,30.25728405
argue,27.84749024,37.67596265
acknowledge,24.70648079,31.92427993
assert,25.47292474,36.82568027
insist,28.88279563,37.88971284
swear,28.51572595,29.55456376
presume,26.94902297,29.26648012
realize,24.3547603,33.72356194
say,27.46643162,32.43533253
pretend,26.62170425,28.96188984
concede,25.48969526,32.15907196
admit,24.51479183,31.07401814
conclude,26.19770455,32.44058274
mean,29.65663908,33.46395202
prove,23.9855117,33.52527173
wonder,22.81692093,34.05802244
agree,28.65036904,39.78763502
imply,30.82748039,32.60209933
suggest,30.91537173,33.84908699
indicate,31.06665534,34.20282381
discover,22.18228514,34.2265941
know,25.42059031,32.15631195
see,25.66984915,31.83128645
speculate,26.61419943,39.80068387
worry,27.55016471,41.2946322
complain,28.05393759,41.49240548
warn,29.25394451,41.85370381
confess,20.74439113,28.20842234
fret,26.30868829,43.49178332
reckon,26.09329488,43.90703841
seem,34.40244085,26.16300329
appear,34.55739747,26.33860587
apologize,19.57348171,27.3252794
beg,16.73406978,25.20866993
theorize,8.356646582,43.46331671
surmise,8.032116669,41.34490337
infer,8.028078166,41.27945183
allege,8.432942537,43.90222863
corroborate,8.577799522,44.72706205
stipulate,7.794731979,40.35764971
scout,40.67906001,-49.4697717
volunteer,41.49797001,-48.8849104
school,41.78142677,-48.43659428
age,41.57176899,-49.66147366
grade,42.45581452,-50.39237463
staff,42.41769114,-49.13626084
charter,42.04737697,-46.59740169
graduate,43.37723177,-51.60054531
master,44.53767432,-56.45302442
showcase,44.21084114,-56.04726114
splinter,40.19376511,-45.19709759
group,40.80949131,-44.51843429
engineer,41.66754307,-60.62268604
pilot,41.578745,-60.69944619
radio,23.18816195,-60.36983857
broadcast,23.25161678,-60.60745303
telephone,22.69562263,-58.82646972
phone,22.78921805,-59.1056855
service,21.46790379,-57.44304734
fare,20.59054037,-56.22910585
chat,22.79611188,-60.86391772
tally,34.29448487,-34.26398882
poll,33.69711454,-34.18659292
race,32.8331994,-34.0795533
contest,32.3418625,-33.94182416
replay,31.64471247,-33.60474299
channel,20.58669652,-64.89838029
nurse,55.03380057,-60.13664294
widow,53.99457611,-61.20551485
intern,54.01099933,-58.36669909
founder,51.76814464,-60.43727076
partner,52.37331912,-61.64650862
mentor,55.77055833,-62.67782636
tutor,55.8356233,-62.6371552
associate,52.4905628,-57.90863359
affiliate,51.16831665,-60.23938089
mourn,52.90525243,-62.06626252
counsel,54.92685836,-55.86524562
neighbor,58.17451565,-62.61601958
broker,49.27498002,-59.09836145
muse,57.89166042,-64.20107143
mate,50.47730495,-66.78149136
witness,59.91583467,-56.24322955
man,60.47896925,-57.50162072
addict,60.84678378,-57.86242157
suspect,59.85261219,-55.44943857
ally,52.40441079,-62.57074382
rival,52.5254758,-62.89884221
minister,51.45949121,-60.15137192
prime,51.41026256,-60.03142081
pioneer,45.3690692,-57.16403281
pattern,9.301647741,-59.42695482
sequence,9.902422709,-60.07936115
screen,9.237850192,-57.29199494
scroll,9.884491907,-57.68867603
landscape,0.638632695,-66.97937844
sound,8.020844136,-56.46455761
faint,6.125888166,-56.37998102
clock,6.153578191,-54.9972998
sculpture,-0.453914632,-67.63000342
glow,4.848145283,-56.27603572
quilt,-0.857706325,-67.88306494
shade,3.644148809,-56.289289
stereotype,13.17712222,-63.88214869
stud,4.359520999,-74.80678498
crown,5.057108592,-75.59506247
title,6.06285711,-76.47184283
prize,6.681296718,-77.05216161
award,6.999478821,-77.35405546
profile,26.71779782,-53.34651152
shape,24.84845628,-51.21825834
sport,22.85372362,-61.92436553
brand,22.69385447,-61.86773937
tone,27.67539146,-53.20704595
style,28.2184429,-56.40046562
fashion,28.24022569,-58.03231773
design,28.28282232,-59.80853037
model,28.26090328,-59.86830257
detail,29.21192939,-52.42715325
imprint,20.11279348,-60.24861746
nickname,22.19103184,-61.42281998
outline,30.97820266,-51.43448506
pulse,26.84312463,-52.88025319
label,20.48675656,-61.2892611
name,20.79081595,-61.40731933
dream,22.03402291,-47.41239167
mind,22.45037461,-47.03758246
view,31.88067474,-47.95369752
tag,17.7422482,-62.48206671
touch,24.29334371,-44.16014354
eye,23.13898035,-46.0959871
picture,34.56804705,-48.48284682
photograph,35.12977823,-48.53700326
condition,23.64506618,-45.44155798
sketch,35.92484534,-48.63394883
signal,27.14419571,-51.56949835
voice,26.81165017,-52.30008013
accent,26.57380075,-52.66562865
spotlight,13.29282698,-48.7823462
glance,25.60125866,-53.49013951
stage,17.36401035,-64.94162232
mock,17.13832926,-65.49061728
exhibit,33.93690461,-66.18425399
display,33.93990502,-66.18611512
balk,-9.898233817,33.05295927
quit,-13.5982161,33.06537904
resign,-13.72548983,33.1758541
expire,-11.4628042,32.10294025
retire,-11.96484302,31.7238849
succeed,-13.40629125,36.00411277
marry,-12.76002183,30.26165437
wed,-13.0367107,29.94081121
remarry,-12.34318836,28.19196358
coexist,-2.765480024,45.73531605
interact,-2.360112643,45.33645044
communicate,-1.474642621,44.56665302
focus,-17.8603634,48.57826061
concentrate,-17.86025847,48.58073981
connect,0.549849234,43.06105059
operate,2.031714567,42.0412114
compete,2.833312758,41.46110661
enter,-13.36053093,38.15918422
re-enter,-13.360392,38.16071208
forbid,-43.70657394,54.46935149
retaliate,-40.19389785,44.43433786
legalize,-45.38931936,53.93654343
outlaw,-45.32179204,54.17769315
goad,-30.56226276,64.72357216
accuse,-29.84102783,65.3344524
anoint,-19.86010157,47.46530486
delegate,-19.12971338,47.27807459
nominate,-18.92050885,46.52579374
preclude,-44.14289056,39.57754959
appoint,-18.50307253,45.95201169
implicate,-25.23238108,67.64137056
incriminate,-25.089969,68.46094781
endear,-25.3961168,69.48081079
necessitate,-44.27246768,37.52711202
entail,-43.77183041,36.36330155
tolerate,-43.44836368,35.76301473
avoid,-50.77298316,21.12956626
prompt,-54.26872768,16.87285163
invite,-62.96150203,24.56981123
spurn,-59.74533106,28.66818069
woo,-63.76791375,27.95838452
pave,-53.58520023,13.64620918
oblige,-65.23279819,26.10993218
stem,-55.57494084,10.81103985
reassure,-64.96084312,28.72697752
offset,-55.84204715,7.995227535
compensate,-55.85215464,7.920166499
soothe,-39.13785793,28.85330501
surmount,-32.94116443,24.08139435
cease,-35.71011897,36.46173014
refrain,-36.70783523,37.40460881
abstain,-36.9549851,37.62757191
proceed,-30.7037029,33.95375485
resume,-32.08713725,32.4114965
continue,-32.13946494,33.01979503
begin,-31.7459506,32.65300611
culminate,-31.73030209,30.42012452
collaborate,-26.36087163,43.73026323
commence,-29.66099598,32.24860475
cooperate,-28.89238826,47.47917727
participate,-25.31351827,43.27558833
intervene,-35.0879076,49.46412326
intercede,-35.15153735,49.47385877
testify,-29.08229785,47.93506062
precede,-31.38072275,28.87925723
engage,-27.07668883,46.77892712
officiate,-45.49245658,40.90983692
start,-31.91691283,30.62709361
perform,-24.32566209,43.3886126
accompany,-31.12926589,28.33724621
plead,-29.32227133,48.93053318
secede,-45.85853977,42.92989712
finish,-31.96857266,30.1090897
attend,-23.31035115,42.34262714
enroll,-23.26105649,42.57418072
guide,-30.9593696,27.93205661
join,-21.88672661,39.34906188
rejoin,-21.85990658,39.28570248
coincide,-45.41866933,36.02733221
herald,-45.48501271,35.55990906
presage,-45.69895365,35.10919293
foreshadow,-45.83358905,34.87984996
endure,-44.32311463,46.7162354
suffer,-44.54753646,47.25525029
succumb,-44.7642882,47.76210018
precipitate,-46.28142719,34.23851511
mitigate,-48.1052627,3.401414395
minimize,-47.46631217,2.356998381
maximize,-46.91717762,1.960517052
counteract,-48.79640501,4.037243548
alleviate,-50.06317152,5.97884018
relieve,-50.13843019,6.056226908
lessen,-48.30640107,-0.243643993
reduce,-48.30567953,-0.968532489
ease,-51.49265804,6.729966458
halve,-49.1385298,-2.499624492
abolish,-45.18373516,-1.569900917
eliminate,-45.8473232,-2.316014166
increase,-52.29228314,-3.104928467
undo,-38.59304104,9.284705038
decrease,-52.37730643,-3.134422395
rectify,-38.56942628,9.640076328
freeze,-44.82669358,-4.155651561
reverse,-38.15647561,5.453700816
restrain,-56.39122901,9.465078901
halt,-38.17716977,5.627222534
curb,-57.18190069,9.040800489
stall,-38.02272137,3.732385967
trim,-46.79384841,-8.46425
cut,-45.59840529,-8.198938468
stop,-38.18496688,5.162543394
curtail,-59.05813907,8.469616134
restrict,-60.11047773,8.16460797
limit,-60.33858157,7.221308026
regulate,-60.92740421,8.820866087
erase,-33.94156338,15.09379382
funnel,-36.58935825,16.49366326
resolve,-35.72422978,17.65657099
block,-37.77684722,0.695540179
defuse,-38.1991548,19.40876289
quell,-38.79728334,19.87570181
steer,-36.42995896,17.10078761
forge,-34.71552905,19.4772884
refocus,-14.30059282,6.863752238
liquidate,-15.42450755,1.354891585
reorganize,-17.86816843,2.719426421
restructure,-17.7398907,1.652564863
modernize,-17.8046132,7.909278284
reshape,-13.84517186,5.312830008
realign,-18.46441532,3.881719196
upgrade,-18.14666131,8.189860597
revamp,-18.26762749,0.604422807
redesign,-18.08206413,0.114002937
reinvigorate,-12.86917116,6.677430877
rejuvenate,-12.04365765,6.753753893
overhaul,-17.26641942,-1.474881275
reconfigure,-19.65004824,3.609258541
reform,-16.83620534,-2.316726867
revitalize,-11.63914356,6.793398351
invigorate,-14.21236034,7.389286848
revive,-10.99657841,7.04056199
privatize,-20.28223942,-0.329742878
consolidate,-22.66501232,6.479788814
recast,-7.511845433,5.118308608
resurrect,-9.468491718,7.21059272
resuscitate,-9.672660079,7.651721926
remake,-6.294281466,4.12588542
preserve,-0.615638313,16.08755666
enlarge,-23.48712217,5.818814807
diversify,-23.20955352,8.462715538
expand,-23.40450026,7.765905096
restore,-0.465781469,16.11721652
solidify,-23.85103034,6.720326567
widen,-24.4206045,6.476651547
broaden,-24.59399134,7.579896712
stabilize,0.386795668,15.9655759
salvage,-10.49914438,6.471113149
relocate,6.526635641,-1.442026447
streamline,-24.56120784,-2.869411707
rescue,-10.79664466,6.170912397
simplify,-24.97562415,-2.945972834
reopen,7.602787039,-1.23668572
refill,-0.193858436,15.85869526
scrap,6.63054678,11.83438057
stump,-33.6382567,-63.68477641
fuse,-32.18358974,-63.1158847
slice,-27.94548101,-76.41088206
fasten,-42.65231916,-58.5082429
sprain,-44.71977272,-78.60923825
fracture,-46.26088447,-78.11381145
bruise,-46.4418936,-77.74075352
disconnect,-45.75361347,-54.1489364
tan,-34.75878264,-62.63007672
tile,-31.47458112,-62.48608229
slit,-32.92390481,-66.90407669
twist,-15.8426667,-58.99266124
slant,-17.20363482,-60.24140465
stain,-40.37880858,-59.24975555
dye,-40.8161631,-58.96304656
wrinkle,-15.15772765,-58.63380183
flick,-24.02325508,-55.49062089
fling,-21.29779334,-52.19546663
tilt,-25.53791056,-41.78332315
swing,-25.73989013,-41.41382787
lob,-19.8386976,-46.78141698
shuffle,-26.47773837,-40.0007187
annex,9.321324784,-72.17949384
center,8.312823728,-72.25943012
ship,8.482052726,-84.52269479
bridge,10.17987733,-79.06156626
square,8.943772505,-69.74973808
cluster,0.942445618,-89.30376839
lodge,-3.081840403,-77.45149437
bar,-10.32117807,-73.68685012
land,-4.279235892,-68.47258074
chain,-5.696696202,-63.57173962
angle,3.129736228,-85.45200169
curve,4.102597233,-87.0865505
incline,5.492085934,-87.32806016
narrow,11.64623736,-87.16171125
parallel,11.68395654,-87.15926247
kill,-22.36225151,64.80948225
injure,-22.53178033,65.60344887
kidnap,-23.51174524,67.58179365
destroy,-21.85744025,62.91914047
abduct,-23.48966701,68.67426892
maim,-23.18950467,70.04595315
enslave,-22.76930731,70.48605506
bludgeon,-21.39602015,70.83369676
confiscate,-18.89367061,66.39930932
impound,-18.84678356,66.06490314
mutilate,-23.97101252,71.03332789
incarcerate,-23.47318478,71.50151657
imprison,-23.97939738,68.97814459
eject,-24.16584868,66.07598807
vandalize,-26.06671982,72.27762221
detain,-25.18526777,68.87583755
vilify,-16.9017057,74.71914419
commandeer,-24.3165804,54.34839353
expel,-25.9850633,62.32067801
disable,-24.8278641,54.80122022
assassinate,-24.17273512,59.21672553
persecute,-16.11304533,76.11069296
evict,-23.36834315,68.17667723
marginalize,-16.44708238,73.22243918
deport,-24.03488452,68.04631016
penalize,-29.66380291,68.02370174
overthrow,-24.6681851,57.89283723
extradite,-24.31787509,67.23225176
oust,-25.52610495,58.5041123
unseat,-25.65733005,58.53699398
intimidate,-21.36802121,73.6059031
topple,-26.66529042,57.3679543
humiliate,-21.6978705,72.36056119
stigmatize,-17.54347406,77.02630313
coerce,-20.32763813,74.88006833
disenfranchise,-17.95852144,76.41629504
dislodge,-27.36841438,56.95458125
embarrass,-21.77562833,71.82823776
discredit,-20.0953159,69.84331288
indict,-24.54929396,66.56475141
smear,-19.64142446,69.20331666
depose,-24.5813261,61.95835183
impeach,-24.58619555,62.21121847
convict,-24.52509753,65.67057409
acquit,-24.52675033,65.29191667
frighten,-23.81788481,75.55578053
scare,-23.87770676,75.62953473
exploit,-17.17530177,40.33062723
neutralize,-16.56736988,40.39824741
isolate,-15.36405742,40.56767697
penetrate,-15.10010338,40.05223637
eradicate,-14.40399943,40.13568077
pierce,-14.23288495,39.76477846
puncture,-14.20531484,39.75682065
constitute,28.37719417,45.93361757
involve,29.18688515,46.74529851
transmit,43.68760745,22.40483836
accommodate,58.71853085,26.66523268
cure,22.34226297,12.12452607
garnish,-70.89311082,-59.74705798
bowl,-66.7169871,-59.7003633
mash,-72.09426369,-60.89640275
squash,-67.71628552,-61.83129734
foil,-68.64656813,-61.44020849
roast,-68.64096502,-64.50521075
sprinkle,-70.93026258,-52.79165507
dish,-67.59866012,-63.99938178
fry,-69.34148945,-64.94079108
grill,-68.17331893,-64.05712741
brew,-66.4683293,-64.85462596
pickle,-67.54317633,-65.66693954
cook,-75.7478546,-53.375691
bake,-76.10819775,-52.93117995
boil,-73.8890993,-49.20365814
heat,-74.71454185,-47.09787316
chill,-75.12186413,-47.06118086
ferment,-74.53365286,-45.14814967
thaw,-74.59930735,-43.0333677
bleach,-40.13156786,-65.27970963
poison,-52.7213707,-75.90130141
air,-27.23114208,-67.0673215
jam,-24.33003685,-76.16562311
herd,-58.38603662,-72.95417503
anchor,-39.18408716,-85.19554892
shrink,-38.62069296,-31.07567066
melt,-52.86361308,7.369783857
swamp,-52.06376368,7.788308774
drain,-54.8824892,6.029120221
bend,-53.80490907,4.04326674
spread,-48.40842196,5.260455438
rotate,-56.27357079,1.168739279
crack,-46.53448335,2.309478816
let,-16.81498538,2.66808101
make,-18.31359138,2.603942838
bring,-18.34236828,0.893985655
give,-16.65488359,1.680196613
cover,-21.04547745,4.149620633
carry,-19.56367445,0.13090982
calm,23.81405165,-25.48765964
quiet,24.671108,-25.47175924
idle,20.92031929,-31.16305851
empty,20.57269406,-31.22610664
smooth,15.53481774,-26.90077592
thin,15.24523169,-27.95973941
humble,26.31850727,-25.70478527
black,14.88493184,-27.45115492
corrupt,14.53902842,-26.34130527
brown,14.62268024,-29.13406958
tame,27.56046862,-25.63826498
red,14.35123607,-29.52698189
bankrupt,14.39118985,-25.85297614
mute,28.31652811,-26.59348185
moderate,28.41984647,-24.66540705
warm,19.24015469,-24.35926101
blunt,28.83168847,-25.57606633
cool,18.6351505,-24.29070396
obscure,24.16824575,-27.51339066
diffuse,29.6424985,-28.51361818
damp,18.16573852,-25.05827704
dry,18.08783662,-24.55521983
orphan,26.21213097,-19.86475786
blind,26.52861369,-19.81587614
flush,17.58990962,-24.99593939
clean,17.94796867,-23.06782022
perfect,26.25134083,-20.05853885
flood,-22.34909457,-69.16135448
spill,-21.21751446,-64.46874481
fire,-17.74428336,-71.86747447
alarm,-17.30798147,-72.71877319
leak,-20.85194022,-63.68974079
export,-15.81376092,-54.5517724
overload,-21.17743182,-61.94754422
exhaust,-26.15461433,-66.36073072
harm,-18.56421477,-54.65270165
damage,-18.72370733,-54.69429426
raise,1.949283294,-22.09539403
recoup,5.471959319,-16.43088767
recover,5.698298678,-16.26693169
save,-1.559526086,-17.68275404
resell,6.747286125,-28.88263508
sell,5.279201614,-29.95475258
unload,6.321997489,-30.61696133
swap,5.494608384,-32.8003547
squander,-8.87839083,-18.53294689
subsidize,18.0684615,-18.04410093
spoil,-12.64533293,-19.03762789
ruin,-12.67788088,-19.12990541
lower,10.32402955,-38.62749915
level,8.535688989,-39.21111133
speed,5.813616593,-40.40923185
forward,14.6053133,-28.80960806
upset,10.47512432,-34.16775041
surprise,45.79663053,-57.83768011
insult,49.30977347,-46.80963692
close,12.28166123,-18.40024135
settle,10.95520965,-16.36394517
slow,16.55458597,-28.44734293
control,10.76753651,-18.50373498
influence,11.63530031,-18.40940719
force,11.66070327,-13.93737626
wrest,8.084477665,-16.84121034
cause,14.14409627,-7.612068627
strain,23.86719279,-26.57941197
stress,23.87011808,-26.60188547
trigger,14.50039292,-6.615432844
warp,19.66911704,-32.42937996
scale,13.61294591,-36.65372641
foster,28.08932005,-9.265820028
alert,48.81116301,-28.82028972
create,-1.698044581,13.46133378
generate,-2.310314433,14.77341996
extract,1.324534111,15.52501715
garner,-6.63149607,17.72574536
transform,1.904498715,5.000122209
convert,2.771925975,4.428478191
lose,-10.27581356,18.67168178
collect,7.798038776,5.676211499
distribute,5.554840332,3.218163421
integrate,8.117559634,22.18084084
circulate,9.406439181,6.852836682
meld,8.892682583,21.85634859
combine,8.961441156,21.7609749
gather,10.42845624,7.690400164
promote,7.497131118,12.90432996
commercialize,9.725159525,15.03868659
disseminate,10.18603868,14.54098709
capture,-12.49649247,26.17908585
coordinate,17.24736045,12.00769228
initiate,-16.79418455,4.770650119
transfer,-7.862906866,-6.966320401
facilitate,-17.36123356,4.857842848
expedite,-17.83803859,4.918742221
clinch,-21.49431933,22.38453532
defeat,-21.58784062,21.86262559
invalidate,30.72848223,5.419545467
nullify,30.41159158,5.747003252
reinstate,27.46289858,-0.047110795
rescind,26.7474235,-0.45544651
annul,28.49693541,6.356909994
overturn,32.54485865,5.027121498
revoke,26.26893461,-1.030853031
override,33.02302009,4.366687617
suspend,25.2751825,-2.573993027
discontinue,25.11742763,-2.815995568
dissolve,26.86711417,9.881102864
waive,22.76536525,-5.503544865
invoke,32.52408178,11.78628232
terminate,22.32936511,-5.089573642
amend,28.05443719,10.31182753
withhold,25.81063762,-8.516263459
enforce,32.25479627,12.83781069
rewrite,27.63777712,10.91614116
impose,31.85906198,12.88781843
extend,18.89514234,-3.670895878
modify,29.53324382,10.94365353
revise,29.59709215,11.15892607
relinquish,15.98063015,-2.819690935
sever,15.78071162,-4.248590683
cede,16.02644044,-2.777990999
withdraw,15.67910926,-4.693875214
fulfill,17.51549001,-4.323832931
finalize,25.18054889,12.26329337
enact,30.09754005,6.517943061
rework,24.56748146,12.5528943
authorize,37.09279451,2.831521043
jettison,11.55376768,7.162517106
sweeten,20.72360825,-7.649373773
divest,13.04386832,-5.707553867
reject,40.62436174,4.993803048
implement,23.34775737,8.52785155
formulate,22.83900726,8.404372977
defer,26.02505115,-17.54986923
cancel,28.23277222,-18.09000118
postpone,27.60154663,-18.86840608
delay,28.37498301,-18.98462379
abbreviate,30.19954879,54.85883984
parse,34.82877706,52.28004789
sculpt,33.82877358,55.23574107
superimpose,33.24260739,55.70077952
splice,38.23715127,55.66642025
embed,34.81299163,57.91962009
contrive,17.1226126,43.33267359
fabricate,17.39382422,41.93385729
scour,20.7580823,36.93236516
unearth,20.94075683,35.45002508
exhume,19.41178667,37.0028845
sharpen,36.04572987,39.4193415
uncover,20.89918575,35.22793888
cull,19.83269553,36.66670475
unravel,20.69005272,34.24819669
vaccinate,19.47148813,36.29921256
drench,27.14235633,63.61856276
scorch,24.53542126,63.05507853
blacken,23.58855708,63.72504009
submerge,24.50914346,60.49613902
detach,24.46758703,60.38286213
unfold,-44.44441214,36.96290205
morph,-48.24967356,41.36350578
abate,-48.93228151,33.43539348
mutate,-45.89951534,44.04274098
explode,-48.99650736,30.48574204
evaporate,-48.82058987,29.77929636
fade,-41.00212264,30.31909579
beget,-47.22760273,44.79598134
blur,-40.94668417,29.37630315
bleed,-48.53775314,24.47486786
grow,-42.42184686,52.17479834
multiply,-43.92669914,52.91405127
subtract,-44.37246638,53.22263564
mislead,-11.11961292,84.03392521
deceive,-11.14465859,84.0596874
conceal,-1.082258942,80.19902559
dupe,-13.61204307,86.44335115
inflate,3.016165097,79.33454156
deflate,3.100018537,79.81833599
botch,-3.081923329,87.63470904
defraud,-18.30078418,88.74684678
falsify,6.324085648,74.46422981
smuggle,-23.03058124,87.36952454
exaggerate,9.283920592,73.72889758
downplay,9.341232317,73.45254576
disburse,-26.73374122,89.00043304
impart,20.79141467,48.35525293
illuminate,26.53338938,45.44074869
highlight,24.68229388,52.97121131
emphasize,25.09393174,52.82719487
dramatize,24.47970312,52.49700799
magnify,19.27711258,57.33434001
distort,18.1419564,58.31712415
enliven,28.04078625,51.54393111
crystallize,23.80062792,53.59522813
encapsulate,23.33827302,53.4945547
disavow,7.118987987,78.49204735
disparage,3.062436289,72.76777978
denigrate,3.128388503,72.44785698
demean,5.034777083,72.51195625
construe,8.746988108,69.89000485
debunk,1.797151617,67.2481366
impel,2.33133354,95.29996074
disprove,1.62757962,62.84825605
validate,2.367839137,61.70745938
glorify,29.03030735,77.28294559
electrify,50.53700423,77.72089564
stylize,66.65870782,72.91468693
strew,70.68623259,67.29150534
suffuse,69.56518729,70.02669895
modulate,70.24741678,69.03533536
smite,55.80031739,73.05887449
tow,78.4231445,62.52579937
sadden,54.63441548,77.72333768
exasperate,53.66788961,77.56234634
activate,48.72361232,51.85839566
enrich,49.51770316,53.33160002
specialize,58.24962123,46.01727107
evoke,37.62498295,56.41478502
juxtapose,62.26089818,65.5349198
carve,66.81217448,64.88929294
recline,72.44081079,53.31957285
condense,-73.31618126,-27.02393567
decompose,-73.79983064,-27.04598184
prune,-72.6158338,-24.21691002
fertilize,-72.76937073,-24.71530238
mow,-72.22575978,-22.90269318
ripen,-74.50777192,-28.03191203
thicken,-72.06286411,-27.75720872
darken,-71.41144124,-24.35306501
flatten,-71.78876944,-29.32170794
brighten,-72.0073834,-24.11372916
invert,-71.70105488,-30.41006184
harden,-69.24484981,-22.96741554
soften,-69.58646221,-22.81629455
lighten,-70.87758891,-21.73750034
straighten,-70.91956631,-21.62668427
stiffen,-65.60761949,-20.97987185
tighten,-64.96787437,-20.82374299
loosen,-64.41442537,-20.73938675
seed,-77.30365671,-33.89394819
shred,-69.37030168,-24.68921101
triple,-88.666419,-11.99901855
quadruple,-89.4030868,-11.8192943
strip,-46.13147319,-31.49334273
pin,-47.09435891,-30.1156993
screw,-47.60518735,-29.15295049
fold,-51.46903684,-33.08476978
pump,-42.0441169,-38.88860399
skim,-59.07139537,-37.14877656
pour,-59.52661849,-37.26225322
churn,-65.83396148,-18.09177149
plow,-56.19777574,-11.29665099
conjure,-66.05331612,-16.89456566
mete,-68.30208683,-15.53489542
soak,-55.24252865,-30.70363093
shake,-51.0589523,-29.97915709
wound,-28.73003188,-13.90195893
put,-31.52949089,-14.58684821
down,-28.06816717,-16.58410093
set,-26.65695708,-14.57317808
break,-28.23597767,-12.94494793
bounce,-31.2996032,-11.86821974
grind,-35.06123073,-18.54991661
turn,-32.31379937,-10.54200922
pass,-27.14065492,-14.81791696
throw,-29.97477627,-14.49458589
burn,-33.11500523,-9.491346302
drag,-34.44722186,-14.48461447
notch,-30.76118486,-24.39097777
rip,-32.98170652,-11.06420985
fill,-37.37909347,-7.544022225
roll,-38.38334748,-20.3173622
move,-32.5232132,-3.381384122
end,-18.38715515,-20.9803621
lift,-40.47958369,-11.08215821
boost,-39.76027708,-10.22138199
cushion,-39.89861662,-10.97534795
bust,-20.93518267,-27.38229428
color,0.898301483,-55.24310604
spice,-0.13772707,-53.77839029
mix,-0.833240874,-52.57898351
blend,-0.865515323,-52.51769634
emit,-8.323550531,-46.00625656
shine,-7.70883463,-47.94522257
vibrate,-8.691305176,-46.70809872
splash,-7.35447191,-30.78065358
slaughter,1.285558354,-69.55778158
torture,27.72792947,-79.26713231
rape,27.71464445,-78.0778299
murder,27.95560394,-77.13324521
abuse,23.37620623,-81.55302158
exile,28.09224362,-73.43373566
sentence,32.05160154,-71.70171615
credit,20.48749509,-39.27320919
aid,24.62841832,-35.05317283
split,15.16859943,-52.65018519
divide,15.5700486,-52.87515236
box,4.517132986,-61.8011437
coin,5.55825566,-62.66881788
tip,-6.086344756,-52.32778088
chip,8.229404529,-63.70671967
bench,4.037240723,-54.02066001
clone,9.792917819,-63.84134254
boot,-12.65964337,-74.38982219
ring,-8.386010493,-74.14614581
delete,56.90406527,-11.25913013
advance,47.62929046,-14.98045486
pause,31.01383446,-27.29425165
effect,30.29908764,-22.64849347
even,18.47795699,-26.59805009
better,18.27724209,-26.86922964
rid,20.03619349,-11.07851685
deepen,-46.57863877,4.090212893
augment,-33.34499078,13.97444951
supplement,-32.3738144,12.40308914
improve,-33.69773635,14.63734399
enhance,-33.99658177,15.23598487
heighten,-48.26414294,3.876452013
prolong,-43.7357873,-0.545574508
intensify,-48.49721236,2.844348955
hasten,-45.79563852,-0.083925668
dampen,-49.63170043,5.219186638
diminish,-35.01796136,17.57647059
accelerate,-46.31003902,0.021764115
escalate,-48.94868279,2.65334897
dilute,-35.14153182,17.98584483
quicken,-47.29048947,0.42922454
shorten,-41.31676526,-2.177059229
lengthen,-41.30808419,-2.18169979
depress,-50.04355166,5.553504848
buttress,-26.48847608,7.497655493
bolster,-26.25952942,7.003049776
strengthen,-26.06429014,6.626975312
devalue,-29.77095807,-1.214490992
liberalize,-28.62334198,-1.419844113
redirect,-35.53209336,17.13533013
divert,-35.66982704,17.48082734
harmonize,-27.62279833,-2.979839706
deflect,-35.78132861,18.16877724
exacerbate,-54.35413556,22.95770258
worsen,-54.99750856,22.60285975
aggravate,-54.59787921,23.24319264
cripple,-35.99993147,40.62269344
devastate,-35.8324563,40.56137155
paralyze,-35.23266614,42.68651955
degrade,-35.35825209,43.49747332
disturb,-33.52049529,44.50868117
overwhelm,-32.71606263,44.83481962
displace,-30.74874021,44.05951111
supplant,-29.27862104,43.62159589
jeopardize,-38.74834124,37.37520315
stymie,-33.94750802,35.89956561
affect,-38.86968625,37.42283913
hamper,-40.49221609,35.6174817
erode,-30.61257158,33.69937808
hinder,-40.99368823,35.80564902
weaken,-30.56171813,33.7519399
destabilize,-28.86584599,34.77550752
undermine,-30.8433314,33.49371416
impede,-42.10805242,35.63301576
undercut,-31.03758114,33.1428065
impair,-39.16155803,32.98456927
derail,-35.80772079,37.26020602
scuttle,-35.891618,37.27875088
constrain,-38.74626698,32.44776196
disrupt,-42.98136407,36.40052004
inhibit,-42.50237871,34.13598707
interrupt,-44.17938223,36.98187618
subvert,-25.96489663,35.17846052
complicate,-42.67500975,43.018151
revolutionize,-42.48133321,32.57850034
deplete,-32.06903503,43.12543041
frustrate,-43.0789931,43.72537491
contaminate,-32.13155919,44.57343569
usurp,-21.66627987,40.03776009
supersede,-21.6472244,40.04969374
pollute,-32.16741208,44.97765544
legitimize,-24.11940023,35.1932539
shatter,-31.08846379,52.00346231
tarnish,-32.51801404,27.8580044
embolden,-43.85496125,44.7098454
perpetuate,-23.82160131,35.21191804
thwart,-33.89655989,36.31886062
smother,-30.47619031,52.54344618
overshadow,-33.90599432,26.72737508
quash,-33.72737546,38.02065784
detract,-34.73437456,25.58295641
strangle,-30.00240476,53.08358657
envelop,-28.88463194,55.47688735
suffocate,-29.75675693,53.25093381
wreak,-45.53156914,30.83013414
sicken,-29.00182983,53.44410648
starve,-27.51055379,53.57663124
unleash,-44.21325407,45.76782151
stifle,-45.75204341,46.50130244
crush,-43.69272772,45.4259799
suppress,-45.79509795,46.52363046
inspire,-57.66125938,45.71398672
energize,-56.93900634,43.67385521
motivate,-57.61970281,44.96864469
galvanize,-56.37799376,42.58551215
mobilize,-56.03799814,41.75954004
stoke,-58.377926,54.0117876
reignite,-58.37826002,53.76821628
rekindle,-58.35352441,53.58801248
engender,-57.72114438,52.2549664
rouse,-58.23906447,54.52117585
awaken,-58.20554915,54.53236284
ignite,-56.14316462,55.42934657
spark,-56.21506585,55.39829604
arouse,-57.26418271,54.06936794
elicit,-57.29604366,54.11765455
provoke,-54.86066063,53.98670452
inflame,-54.45980744,54.81493938
incite,-55.1813009,52.71050303
extinguish,-51.85219736,57.79998841
unify,-45.24745524,36.86423498
unite,-45.23215214,36.85819138
foment,-55.44858835,51.75056795
disperse,-48.49646076,59.20472321
repel,-48.42748927,59.26472049
sow,-55.52190387,51.58006489
confuse,-43.32032658,54.01816147
distract,-43.30852401,54.00876709
subdue,-46.56073533,60.48039013
liberate,-40.08147771,35.61633185
banish,-37.94580277,39.31111979
stun,-45.98713505,61.02379452
conquer,-35.50696487,40.02799142
vanquish,-35.90822038,39.72334064
slay,-35.83974265,39.64682089
extricate,-39.36269458,33.62247317
heal,-36.05585365,37.38840219
terrify,-50.65220439,73.05182879
horrify,-50.24632218,72.55441566
astonish,-51.55453321,72.9258066
overpower,-48.63301305,71.60528005
amaze,-52.64130255,73.03847259
startle,-50.72022858,74.03937589
captivate,-53.46448574,71.20237124
agitate,-54.01964019,70.19667083
enchant,-54.05552708,71.87455018
excite,-53.08788576,69.61199246
dazzle,-54.22104564,71.52366916
baffle,-52.26256076,68.50545439
gratify,-54.75662192,72.56650112
confound,-50.8508657,66.69969935
fascinate,-52.85991218,75.4873365
disorient,-46.71298857,71.17947629
bewilder,-46.50065369,71.19201568
enlighten,-56.70266704,71.84897044
irritate,-50.96687456,67.96273964
amuse,-53.0048209,76.17698729
infuriate,-49.42119246,66.06280433
entertain,-57.40984773,71.09325116
annoy,-51.87179213,67.96134312
enrage,-48.44725321,66.11087813
traumatize,-44.87223198,71.7971616
uplift,-57.55592738,72.68855805
demoralize,-46.76682393,66.72254747
exalt,-55.46081024,74.2628665
satirize,-55.54152213,74.338744
victimize,-43.17555286,72.88613831
antagonize,-49.92222286,63.10978236
alienate,-49.71419179,62.54098785
offend,-50.10639445,63.35067703
disappoint,-50.27407478,63.44079587
immerse,-55.74068131,77.76082787
polarize,-53.18294456,57.62224458
impress,-42.69821145,70.99850612
torment,-42.1546213,74.9002254
seduce,-41.44657684,72.81103229
befriend,-40.82161357,72.75571064
erect,10.16580581,24.62087421
construct,10.05413281,23.91983383
build,9.855081338,23.47768137
install,11.82371547,26.10501773
equip,12.1948013,26.67874308
bulldoze,5.131874182,31.54872401
subdivide,5.305250941,31.8286518
repackage,5.537764697,33.84822398
demolish,6.856609131,26.73463805
raze,6.793152898,26.83002579
excavate,6.179316614,29.41011001
retrain,13.76089945,30.25117559
redevelop,6.37021764,26.71368713
rezone,6.309633037,27.14350466
disarm,-3.914119946,29.56443552
disband,-3.969186369,29.60946164
reassign,13.97895843,36.13817303
demote,13.90955919,36.56153025
renovate,6.531427719,21.97137821
refurbish,6.545386127,21.87607448
remodel,7.53132881,21.69431459
replace,19.91383707,30.61826235
reconstitute,-6.486374199,32.66596214
remove,20.32059971,30.58016208
dismantle,-7.108876831,32.13347122
rehabilitate,3.576080165,18.79015671
uproot,-7.989665004,32.17838405
rebuild,1.931062211,16.83143617
fortify,2.280671196,16.6292173
repaint,21.47934364,30.43876442
reinstall,21.76564668,30.77337349
sabotage,-13.25720791,33.27622189
insulate,4.467873775,36.72441796
wean,6.79958886,37.3012539
propagate,-11.7322859,36.08049571
redistribute,-1.021408582,51.59952674
nationalize,-2.788876424,53.71947436
decimate,-3.475544069,54.81340687
politicize,-3.849425082,54.94401464
industrialize,-3.292379049,54.18512306
formalize,-3.899515044,51.85508228
institutionalize,-3.616575623,53.59152814
downsize,-3.392852662,53.3187594
sterilize,3.951119603,49.15189339
sequester,4.430834541,49.10869306
segregate,4.348267969,48.89232498
dishearten,-6.227724758,61.24555784
debilitate,-5.915610592,61.21528906
constrict,-7.770073245,59.48773428
foreclose,6.481273109,47.2531716
hospitalize,7.319582143,48.9134387
dislocate,-4.831120693,64.54972457
amputate,-4.454137751,64.98504973
immobilize,-5.396914131,66.81702884
incapacitate,-5.467417321,66.9752529
inundate,-13.59487965,53.73239854
scatter,-14.7567449,52.10405925
saturate,-14.32666012,53.17069648
purge,-8.955988492,40.65580871
cleanse,-9.48553206,39.31797602
purify,-9.638006879,39.05381548
change,-17.35291839,10.06967745
help,-4.524350508,6.491891334
switch,-19.29886378,9.600805251
reset,-5.194715665,1.273820365
assist,-5.173900749,6.631974146
enable,-0.798389441,5.98453459
allow,-0.34279939,5.831266503
permit,-0.009424086,4.956636443
compress,2.388806367,43.32733796
synthesize,2.78360013,43.22579674
reproduce,13.78166109,31.31941402
replicate,14.43894397,32.38483111
sustain,-14.7415859,36.27158711
infringe,-19.2422414,70.35163988
equate,-23.90598825,61.73071624
mail,23.90522785,-58.5523779
father,57.92117409,-63.27623112
flash,8.086361853,-56.77840263
dim,7.080482766,-57.55126708
light,7.392762507,-57.14005497
shutter,7.145935087,-55.89305245
frame,24.3290416,-51.95590765
flag,18.84221614,-63.66731851
condone,-43.13685112,54.44394823
ban,-45.42776959,54.53205418
dissuade,-30.12947857,65.02125566
prohibit,-45.52675049,54.93374942
discourage,-42.28341197,44.25166704
deter,-41.84744259,43.5485514
disqualify,-29.00907924,65.6740011
prevent,-41.84938632,42.91346523
exempt,-47.39490819,56.41948918
discriminate,-47.59903757,56.58372194
elect,-19.15139527,47.05842
exonerate,-24.8627036,67.7002782
absolve,-22.29612048,69.87445316
deprive,-22.05223815,70.03231534
avert,-51.87197914,19.67593948
forestall,-51.96734256,19.56514481
encourage,-62.51570169,26.77257614
induce,-63.0329224,25.95673948
placate,-60.08952702,25.49328394
appease,-60.08528407,25.47163707
entice,-64.36386233,27.94352684
lure,-64.33357556,28.07945238
spur,-54.92910671,13.78439148
stimulate,-54.97566918,13.77739669
coax,-65.6902171,28.4629573
attract,-64.98664138,29.08843315
compel,-64.82043168,26.71543377
persuade,-64.43760305,27.67873299
convince,-64.85983928,28.51213373
assuage,-38.13575666,28.53212805
allay,-37.75770657,28.22963358
absorb,-40.63238778,31.58700138
dispel,-36.82284004,27.3956276
mend,-37.37309009,31.17880597
overcome,-33.00387636,24.17696674
ram,-41.6055579,-3.359203961
smash,-41.68735016,-3.416172766
plug,-44.22805497,-55.94082965
brush,-41.8416952,-57.0686744
scrub,-42.47813485,-57.29835132
pound,15.18708864,-45.27429027
hit,7.116444308,-39.40079474
slam,1.597578944,-29.81995965
thrust,11.42778019,-45.13023559
punt,-2.518051966,-42.64676441
pressure,11.47142441,-15.37154981
grip,9.055826503,-19.55896023
exert,9.271112279,-18.39597315
weight,20.07760852,-33.185146
hammer,-47.70717364,-29.58707335
slug,-48.78349187,-22.70001719
hack,-51.08392193,-21.17258625
rub,-53.86350895,-38.06364436
poke,-47.99597465,-40.57076742
punch,-38.17317559,-30.72046754
stomp,-54.64677607,-21.14228411
clap,-54.42369003,-21.38977587
bang,-37.40103017,-31.8339787
buck,-36.74538238,-29.68713854
wipe,-32.75007269,-10.28612516
shove,-31.81078461,-20.57285417
bump,-31.17531086,-21.55574588
kick,-28.69800878,-15.10323561
knock,-32.73426979,-13.38817391
pull,-33.49519916,-13.60471428
squeeze,-34.12504998,-13.2965918
push,-32.18481935,-3.895299367
pry,-38.25399229,-7.481742209
strike,14.42839114,-52.69654284
wedge,-0.529488639,-61.28075109
press,68.22416321,-30.03576145
propel,-15.54695498,33.70972885
catapult,-15.56755895,33.59620317
stamp,19.59797568,-62.46484782
prod,-65.82801947,28.47375651
urge,-63.97791731,28.25965506
withstand,-41.03270976,32.1722146
resist,-42.11181539,33.73245168
bolt,-35.69630671,-61.86988166
shuttle,12.74468891,-73.34946583
cruise,12.63575991,-84.23491925
ski,-3.016745633,-77.27347893
travel,13.69076616,-84.37353258
ferry,12.37788849,-79.93332627
bus,13.35236268,-80.15604974
swirl,-0.21684977,-91.56755289
spiral,3.311062705,-87.92370105
hike,20.10261064,-87.85223195
trek,21.50437034,-88.06112327
rise,-35.96331028,-32.94890765
plummet,-36.93783705,-30.95708478
swell,-36.48362289,-33.05682449
surge,-30.48211144,-37.16697936
plunge,-32.37385016,-33.42617284
lag,-31.49191815,-39.39564631
skyrocket,-39.68191799,-28.73428562
tumble,-33.42429825,-32.91238773
slide,-33.10352209,-33.15549697
climb,-34.28616295,-31.99757611
jump,-35.8133107,-29.92820396
leap,-35.86708583,-29.85634052
swoop,-33.65741928,-34.78809953
flop,-26.28865233,-32.15113343
maneuver,-24.53884424,-10.26800706
escape,-25.02702654,-9.979059563
flee,-25.30907713,-9.824881479
sink,-53.89868535,6.297490088
crawl,-53.49865041,5.693311242
glide,-53.4234459,4.471869979
creep,-49.14628244,5.533688512
drift,-49.19778457,5.5407927
veer,-50.0190964,5.996226777
migrate,-46.05036365,9.219736219
skip,-18.2330845,4.475318674
go,-19.86280073,2.482614973
stumble,-23.27372185,-0.052172462
leave,-16.83929126,10.41088834
swim,-18.11815428,8.997661511
walk,-24.59558007,6.961033491
jog,-23.76677785,6.622609217
stroll,-24.99496516,8.694627644
wander,-26.03288575,10.48315929
limp,14.94957133,-30.02323833
lumber,-13.20898805,-62.24829504
meander,74.06707033,56.42797718
ramble,74.30773392,56.35379036
wade,-57.20542338,-10.39088
stagger,-69.83847701,-17.0773774
hurry,-26.16959428,-18.68688851
come,-27.23035733,-8.332151966
rush,-22.74733141,-21.694871
scramble,-22.63465037,-21.81153086
slip,-33.0528264,-10.29846844
chase,-27.16835136,-17.04915185
flip,-41.15214235,-18.80588949
spin,-41.74621831,-18.50123482
fall,-20.17030166,-25.00652406
spring,-20.14248535,-24.98998947
skate,-9.16818058,-19.6612272
run,-12.56693804,-16.56423313
fly,-11.27407153,-16.47254721
sail,-11.17501077,-16.40991081
drive,-13.73366992,-16.13791405
streak,-4.512930548,-26.80833272
march,-2.923027049,-51.99596553
parade,-3.082038917,-51.83461755
hope,43.19811372,-14.24259332
embark,-27.36414851,40.70303055
depart,-45.38022121,37.67429315
arrive,-45.38522646,37.60627386
immigrate,-46.13171328,44.27901836
emigrate,-46.18426548,44.49646358
crouch,-25.83267887,-60.6669569
perch,-24.3350675,-60.61901919
stoop,-3.780684071,-72.55307495
lie,-26.06059854,4.557770293
sit,-25.04116007,6.819474793
lean,17.3066239,-26.6728652
squat,16.64958302,-31.62343763
kneel,-55.35292923,-19.73815984
stand,-26.02848158,-6.55214519
hang,-32.61733292,-9.888137803
